response_times,queue_times,ttft_times,tbt_times,nth_token_overheads,prompt_sizes,token_sizes
0.0,1.0,1.0100416816850193,-0.0020697575444365147,0.0,810,488
0.0,1.0,1.010027508530766,-0.0009970656550155636,0.0,174,1013
0.0,1.0,1.0100283718947338,-0.0014067247519425263,0.0,494,718
0.0,1.0,1.010035627944859,-0.0022149904121597785,0.0,674,456
0.0,1.0,1.0100290845639535,-0.0026302840743852953,0.0,527,384
0.0,1.0,1.0100304199478103,-0.001961224116403515,0.0,557,515
0.0,1.0,1.0100278171747945,-0.001723596957636168,0.0,272,586
0.0,1.0,1.0100280920360234,-0.0018231554007870458,0.0,382,554
0.0,1.0,1.0100269646495548,-0.003366756548831849,0.0,8,300
0.0,1.0,1.0100316663060838,-0.0009941256558130746,0.0,585,1016
0.0,1.0,1.0100489372706534,-0.002387822546739133,0.0,973,423
0.0,1.0,1.0100280970334978,-0.0018364147218790869,0.0,384,550
0.0,1.0,1.010036607226354,-0.0013817190249334529,0.0,696,731
0.0,1.0,1.01002993030707,-0.012785188991228732,0.0,546,79
0.0,1.0,1.0100332242539167,-0.005206356826051117,0.0,620,194
0.0,1.0,1.0100297077430866,-0.0019461073366918817,0.0,541,519
0.0,1.0,1.0100272496957388,-0.0013503038097536614,0.0,95,748
0.0,1.0,1.0100380316358013,-0.001350318224112034,0.0,728,748
0.0,1.0,1.0100281694969198,-0.0017235975588684638,0.0,413,586
0.0,1.0,1.0100505397312816,-0.002139937584176444,0.0,1009,472
0.0,1.0,1.0100510738848243,-0.0010359498193690505,0.0,1021,975
0.0,1.0,1.0100271219164085,-0.0016750035189326841,0.0,56,603
0.0,1.0,1.0100271841678818,-0.002285129375945434,0.0,75,442
0.0,1.0,1.0100293516407248,-0.004056342777673594,0.0,533,249
0.0,1.0,1.0100476018867823,-0.0011841120772412455,0.0,943,853
0.0,1.0,1.0100270957052828,-0.0017657816358483966,0.0,48,572
0.0,1.0,1.010027824670999,-0.001532667412247343,0.0,275,659
0.0,1.0,1.0100270694941287,-0.011477580335160553,0.0,40,88
0.0,1.0013567265945085,1.0113868346089987,-0.002515887648281091,0.0,131,402
0.0,1.0,1.0100392779940819,-0.0017474727992977195,0.0,756,578
0.0,1.0,1.0100271546803299,-0.0010434164821077787,0.0,66,968
0.0,1.0,1.0100283918846458,-0.017719796348853435,0.0,502,57
0.0,1.0080446937754743,1.0181008750487877,-0.002048492706335589,0.0,1020,497
0.0,1.0003850905568754,1.0104148273560725,-0.003856545142580429,0.0,28,262
0.0,1.0080446937754743,1.0180753998636192,-0.001315342893880645,0.0,310,774
0.0,1.0080446937754743,1.0180760012987662,-0.0011702023003434094,0.0,512,870
0.0,1.008288451461567,1.0183185234357381,-0.001402642594264102,0.0,121,726
0.0,1.0080446937754743,1.0180743945343522,-0.046276108842470555,0.0,18,22
0.0,1.0078009360893816,1.017831977508223,-0.0012088265766130913,0.0,432,842
0.0,1.0080446937754743,1.0180888298863806,-0.0010170717581282523,0.0,774,1001
0.0,1.0080446937754743,1.018088976778614,-0.0065262113896065,0.0,777,156
0.0,1.0080446937754743,1.0180754081094676,-0.001841004354628332,0.0,313,553
0.0,1.0089887154006476,1.0190308439844955,-0.0016927422657549759,0.0,733,602
0.0,1.0080446937754743,1.0180753091594283,-0.0019065080695869444,0.0,277,534
0.0,1.007100672150301,1.0171419193807765,-0.0014407109339671055,0.0,715,706
0.0,1.0080446937754743,1.0180821218081348,-0.004332264348119723,0.0,637,235
0.0,1.0100290400511653,1.02006734943717,-0.009623276881482736,0.0,655,106
0.0,1.0102815117923,1.0203342166163054,-0.10203342166163054,0.0,949,10
0.0,1.0,1.0100276756267874,-0.007163316848416932,0.0,225,141
0.0,1.0084624667901494,1.0185031246808762,-0.002539908041598195,0.0,787,401
0.0,1.0073730845952866,1.0174140380413235,-0.0016570261205884748,0.0,709,614
0.0,1.0,1.0100290400511653,-0.0011285240670962742,0.0,526,895
0.0,1.0069386383267442,1.016969720974771,-0.0018625819065471996,0.0,446,546
0.0,1.004867520027915,1.0148980064657849,-0.0014708666760373695,0.0,236,690
0.0,1.008044693775446,1.0180750756963732,-0.0027221258708459177,0.0,207,374
0.0,1.0080446937754743,1.0180876547485695,-0.006284491695978825,0.0,750,162
0.0,1.0,1.0100271350219714,-0.002065495163644113,0.0,60,489
0.0,1.0100279553346354,1.0200601931753681,-0.0013784597205072542,0.0,531,740
0.0,1.009335058858511,1.0193839934487414,-0.0013701397761407815,0.0,871,744
0.0,1.0080446937754743,1.0180813873469958,-0.0018783789434446418,0.0,622,542
0.0,1.0014071913192026,1.0114377101933485,-0.0039509285554427676,0.0,245,256
0.0,1.0080401579290594,1.018077145285048,-0.001713934588021966,0.0,627,594
0.0,1.0080431979112348,1.0180738462785257,-0.002843781693515435,0.0,289,358
0.0,1.0080446937754743,1.0180860389341149,-0.0011200066434918754,0.0,717,909
0.0,1.0080401579290594,1.0180906104056078,-0.02121022105011683,0.0,902,48
0.0,1.0073500148111805,1.0173801913022942,-0.0015871765854949987,0.0,149,641
0.0,1.0101716824948994,1.0202025260136622,-0.006220747109839404,0.0,359,164
0.0,1.010218214444393,1.020256572794466,-0.0016143300202444081,0.0,656,632
0.0,1.007349113259096,1.0173838972316958,-0.0010664401438487377,0.0,582,954
0.0,1.005862246174786,1.0159186094400638,-0.0014090410671845546,0.0,1023,721
0.0,1.0080401579290594,1.0180886518426178,-0.004313934965434821,0.0,862,236
0.0,1.0073548295728472,1.017385923215329,-0.0011405671784925214,0.0,450,892
0.0,1.009497281518776,1.0195386266774165,-0.009803256025744389,0.0,716,104
0.0,1.0059086333632195,1.0159393119652407,-0.001584928723814728,0.0,299,641
0.0,1.0107184041244466,1.0207485842195752,-0.00463976629190716,0.0,150,220
0.0,1.0080401579290594,1.0180702839637092,-0.0018376719927142766,0.0,135,554
0.0,1.0080401579290594,1.0180698983322714,-0.0017644192345446644,0.0,28,577
0.0,1.0065693320740365,1.0166177770235265,-0.0034345195169713733,0.0,861,296
0.0,1.008041798554359,1.0180770721677277,-0.0026933255877453115,0.0,593,378
0.0,1.0073552901404526,1.0173988386824533,-0.00759252864688398,0.0,761,134
0.0,1.006583034339343,1.016614103244308,-0.0013323906988785162,0.0,441,763
0.0,1.0080396753922116,1.0180698915276594,-0.002665104428082878,0.0,160,382
0.0,1.0080401579290594,1.018077292177253,-0.008016356631316952,0.0,630,127
0.0,1.0080356220826445,1.0180654201503785,-0.008776426035779125,0.0,43,116
0.0,1.0081027115975303,1.018132927732978,-0.0019173878111732167,0.0,160,531
0.0,1.008126120605226,1.018165115488273,-0.0011338141597864954,0.0,667,898
0.0,1.0080401579290594,1.0180710866547997,-0.01755294976991034,0.0,390,58
0.0,1.0073455292697986,1.017376169391241,-0.0017480690195725791,0.0,284,582
0.0,1.0079661062572711,1.0180062762781006,-0.0013220860730884423,0.0,692,770
0.0,1.0080401579290594,1.01806995239275,-0.0011451855482483128,0.0,43,889
0.0,1.0066674745090722,1.0166981173791498,-0.0024737180471512163,0.0,286,411
0.0,1.0017080364130493,1.0117443872360354,-0.0035877460540284945,0.0,613,282
0.0,1.0080374074690042,1.0180787036635763,-0.0018680343186487638,0.0,716,545
0.0,1.0066803881372834,1.0167227125774048,-0.0019514831335458824,0.0,735,521
0.0,1.0080287649151387,1.0180587395804537,-0.007021094755727267,0.0,93,145
0.0,1.0080409782417519,1.0180710934643002,-0.0015425319597943943,0.0,133,660
0.0,1.0073550664196773,1.0174048333992118,-0.0047542281934542605,0.0,887,214
0.0,1.007318049363107,1.017370166618207,-0.0013421770008155763,0.0,936,758
0.0,1.007334956366833,1.0173761546332685,-0.0026632883629143156,0.0,712,382
0.0,1.0073592150279183,1.0173913059764175,-0.0010003847649718953,0.0,528,1017
0.0,1.0073540957924365,1.0173850904848791,-0.2543462726212198,0.0,413,4
0.0,1.0087171483729094,1.0187565839326567,-0.004945420310352703,0.0,676,206
0.0,1.0073297272491573,1.0173768012045343,-0.0021107402514616894,0.0,832,482
0.0,1.008035622082673,1.0180892572240623,-0.008627875061220867,0.0,966,118
0.0,1.0080356703363123,1.018066073881414,-0.0015495678445683623,0.0,212,657
0.0,1.008035622082673,1.0180662429638687,-0.0018409877811281531,0.0,277,553
0.0,1.0080485109608048,1.0180788496333548,-0.0010463297529633656,0.0,194,973
0.0,1.0073582735703326,1.0173903645188034,-0.0011119020377254683,0.0,526,915
0.0,1.008038276035336,1.018069493365374,-0.0010495561787271896,0.0,495,970
0.0,1.005995327433311,1.0160507742455138,-0.0021710486629177646,0.0,1004,468
0.0,1.0086986264211646,1.0187297997733822,-0.0018094667846774105,0.0,478,563
0.0,1.0066813938025234,1.0167187728711156,-0.0015243160013060203,0.0,635,667
0.0,1.008035622082673,1.0180657661375108,-0.004277587252678617,0.0,139,238
0.0,1.0067145886223443,1.016754660715037,-0.0016011884420709245,0.0,689,635
0.0,1.0086886569172862,1.0187337233456333,-0.0015412007917483105,0.0,791,661
0.0,1.009391346227062,1.019422409634842,-0.001215044588360956,0.0,439,839
0.0,1.0067141948039762,1.0167598488012004,-0.004133170117078051,0.0,804,246
0.0,1.0074160097928484,1.0174676374072078,-0.16957793956786796,0.0,926,6
0.0,1.0060360655875797,1.016089700728969,-0.0051317661652978235,0.0,966,198
0.0,1.0086788711279837,1.0187102276153723,-0.002310000516134631,0.0,511,441
0.0,1.0093603788656083,1.0194026543416612,-0.0015755837006826293,0.0,735,647
0.0,1.0067444814914097,1.0167754432005154,-0.0027629767478274873,0.0,403,368
0.0,1.008035622082673,1.0180655895399013,-0.0010242108546679087,0.0,90,994
0.0,1.0093310821789032,1.019382905649536,-0.001519199561325687,0.0,928,671
0.0,1.0086293303513685,1.0186775304804883,-0.0021134388599180253,0.0,854,482
0.0,1.008031086236258,1.0180609059281664,-0.002812322944552946,0.0,48,362
0.0,1.0066748913030779,1.0167259803126285,-0.00163723990388507,0.0,915,621
0.0,1.0067670260876866,1.0168199757320622,-0.013929040763452907,0.0,952,73
0.0,1.0086549448503774,1.0186871826911101,-0.00112936494755112,0.0,529,902
0.0,1.0073522835465951,1.0173827591723352,-0.004891263265251611,0.0,231,208
0.0,1.0066742079371807,1.0167041213339303,-0.0012567418063460201,0.0,75,809
0.0,1.0086047822716182,1.018635752226544,-0.00863250637480122,0.0,403,118
0.0,1.008035622082673,1.0180653913181459,-0.002658134180987326,0.0,35,383
0.0,1.006763607525329,1.0168025044802107,-0.0017031867746737197,0.0,665,597
0.0,1.0093026182566973,1.0193336459324769,-0.0015491392795326396,0.0,424,658
0.0,1.008033498920497,1.0180759702528803,-0.0017492714265513408,0.0,738,582
0.0,1.0103621349787204,1.02039281358077,-0.005485982868713817,0.0,299,186
0.0,1.0080401579290879,1.0180701902589249,-0.004056056534896115,0.0,109,251
0.0,1.0,1.0100279845902946,-0.0020697294766194563,0.0,339,488
0.0,1.0074953901137178,1.0175452060573207,-0.001641201945253743,0.0,890,620
0.0,1.0080359598584892,1.0180677570225498,-0.002630666038817958,0.0,521,387
0.0,1.0068444258586169,1.0168912549936522,-0.002990856632334271,0.0,827,340
0.0,1.0042720979648152,1.014324509004382,-0.002214682334070703,0.0,941,458
0.0,1.008035622082673,1.018079660265414,-0.003742939927446375,0.0,770,272
0.0,1.0068625120281922,1.016917224379256,-0.0508458612189628,0.0,989,20
0.0,1.0085796660926007,1.0186123935740738,-0.0010577491106688202,0.0,540,963
0.0,1.0078886103604532,1.017921876446735,-0.0011112684240684881,0.0,550,916
0.0,1.0105726076445194,1.0206178209650716,-0.0011785425184354175,0.0,796,866
0.0,1.0068220501415794,1.016870495091041,-0.0010636720659948128,0.0,861,956
0.0,1.008035622082673,1.0180666992334864,-0.0036359524972624513,0.0,443,280
0.0,1.0080401579290879,1.0180735709076316,-0.0021388100229151924,0.0,554,476
0.0,1.0073423363153324,1.0173724623500107,-0.0045827588394144626,0.0,135,222
0.0,1.003887032280943,1.013920053546883,-0.01689866755911472,0.0,544,60
0.0,1.0062056247194846,1.016235739942033,-0.004457174297991372,0.0,132,228
0.0,1.0073701219927784,1.0174004642693717,-0.0022360449764162013,0.0,195,455
0.0,1.000077971764597,1.0101086915958035,-0.0037000318373472656,0.0,313,273
0.0,1.001889506309567,1.0119206604215378,-0.002415085108404625,0.0,472,419
0.0,1.0080401579290879,1.018090022836759,-0.0011200110262230573,0.0,890,909
0.0,1.0018892083101605,1.0119438227330875,-0.002199877875506712,0.0,986,460
0.0,1.0085193465106386,1.0185498581767547,-0.0013635205598082393,0.0,241,747
0.0,1.007370174456014,1.017399968919733,-0.007707575522119189,0.0,43,132
0.0,1.0020760571119354,1.0121228372829023,-0.0017787747579664365,0.0,826,569
0.0,1.0080374074690326,1.0180675587319001,-0.0011224559633207277,0.0,142,907
0.0,1.008035043038376,1.0180804522152016,-0.003327060301356868,0.0,798,306
0.0,1.0075966811920694,1.0176264432194557,-0.003282665945869212,0.0,34,310
0.0,1.0066761857060555,1.0167063621971693,-0.004959543230230094,0.0,148,205
0.0,1.0041187122438373,1.0141490509163873,-0.0160976039827998,0.0,195,63
0.0,1.000745087204507,1.0107869709679562,-0.0012587633511431584,0.0,726,803
0.0,1.0005432019058844,1.0105730828663582,-0.004374775250503715,0.0,67,231
0.0,1.00482028778913,1.0148501579375306,-0.0010118147137961422,0.0,64,1003
0.0,1.0073481609985606,1.0173988582955076,-0.003796264396625028,0.0,907,268
0.0,1.0073418421648057,1.017371593380119,-0.001496134696147234,0.0,30,680
0.0,1.0098280720105777,1.0198642269772904,-0.004047080265782898,0.0,609,252
0.0,1.0018944141739325,1.0119460907523603,-0.0014903477036117235,0.0,928,679
0.0,1.008031086236258,1.018062328303813,-0.002011980885975915,0.0,502,506
0.0,1.0066728392311575,1.0167121278986428,-0.011553546907939123,0.0,672,88
0.0,1.0032113457082232,1.0132474027467993,-0.001217845435993749,0.0,606,832
0.0,1.0098519776558987,1.0199064451865638,-0.005603881566959142,0.0,984,182
0.0,1.0073439887798372,1.0173946371127158,-0.002255863940382962,0.0,904,451
0.0,1.0080359598584892,1.018066668695269,-0.001132443457948019,0.0,310,899
0.0,1.010571200972663,1.0206018493399824,-0.0012646863064931628,0.0,287,807
0.0,1.0073671749659638,1.017397153235322,-0.002810489373578238,0.0,93,362
0.0,1.008035622082673,1.018089942721133,-0.0020567473590325917,0.0,980,495
0.0,1.0069122232848144,1.0169583179587107,-0.0010261940645395669,0.0,812,991
0.0,1.0027667473104884,1.0127972481644747,-0.0010495308271134453,0.0,238,965
0.0,1.0034580893660063,1.0134886525262914,-0.0012466035086424248,0.0,256,813
0.0,1.001889371585662,1.0119205751726668,-0.0012923634421106854,0.0,489,783
0.0,1.0080387103184876,1.0180691066555596,-0.0020239942478241743,0.0,211,503
0.0,1.0066505006320199,1.0166809366134544,-0.0022101759491596836,0.0,220,460
0.0,1.0062126557544957,1.0162433728370956,-0.0011279060741810163,0.0,312,901
0.0,1.0018235527178945,1.0118547068298653,-0.003212237164539255,0.0,471,315
0.0,1.0028510681463558,1.0128813455503405,-0.059581255620608266,0.0,176,17
0.0,1.0075659019473733,1.0176043092615146,-0.001226029288266885,0.0,654,830
0.0,1.0028329704561543,1.0128703495247464,-0.0015117467903354425,0.0,634,670
0.0,1.0050513305068876,1.0150903743540312,-0.003452688348142963,0.0,667,294
0.0,1.007346915813514,1.0173777098572714,-0.0010575651869618205,0.0,341,962
0.0,1.0040961353901139,1.014129450440464,-0.001751518912677831,0.0,551,579
0.0,1.003399358031686,1.0134449141007735,-0.003506729806577071,0.0,800,289
0.0,1.0040986836950196,1.0141292578497882,-0.0019134514299052607,0.0,261,530
0.0,1.0080376487373996,1.018068467518674,-0.001047395542714685,0.0,350,972
0.0,1.0028510981769614,1.0129069367017678,-0.0017801527885795568,0.0,1011,569
0.0,1.0064333794466052,1.0164639645958005,-0.0014774185531915703,0.0,264,688
0.0,1.0064417205207405,1.0164727262076099,-0.001202926303204272,0.0,416,845
0.0,1.0019548628566213,1.0120017899197933,-0.0024864908843238165,0.0,829,407
0.0,1.0012509395320421,1.011280741203791,-0.0010350877596763469,0.0,44,977
0.0,1.0098870579046775,1.0199174434296197,-0.0012041528257728685,0.0,206,847
0.0,1.007357656150191,1.0173880236549735,-0.0022458896769425463,0.0,200,453
0.0,1.0073390945138954,1.0173774528639683,-0.0011241739810651584,0.0,654,905
0.0,1.0068521679039577,1.0169024245242326,-0.0019332745713388454,0.0,897,526
0.0,1.0073405511306532,1.0173743068576755,-0.014961386865554052,0.0,560,68
0.0,1.006649333232133,1.0166792105885634,-0.0021631472565714115,0.0,64,470
0.0,1.0035798952583264,1.0136219259140375,-0.05631232921744653,0.0,729,18
0.0,1.0028916734061113,1.0129217850246164,-0.00344531219396128,0.0,130,294
0.0,1.0033859873400957,1.013417588647826,-0.0015239362235305654,0.0,516,665
0.0,1.0089543927427371,1.0189850823392135,-0.0014854009946635765,0.0,302,686
0.0,1.0033419940025396,1.0133850529038,-0.005961088546492941,0.0,749,170
0.0,1.0017492978838618,1.011798281438189,-0.0035626700050640455,0.0,870,284
0.0,1.0096281088868295,1.019659323468261,-0.0041281753986569265,0.0,493,247
0.0,1.0073403188750376,1.0173710661923678,-0.0018497655748952143,0.0,322,550
0.0,1.0066455343723533,1.016676006394107,-0.0013324718301364442,0.0,229,763
0.0,1.006658537812143,1.0166894060683944,-0.009775859673734563,0.0,367,104
0.0,1.0040118406343481,1.014053822325934,-0.004008117874806064,0.0,728,253
0.0,1.0073500085194382,1.017381066429948,-0.0041023430097981775,0.0,436,248
0.0,1.0033538103285764,1.013392266606786,-0.0011824880590510923,0.0,655,857
0.0,1.0017595632396024,1.0117901181540674,-0.0012971668181462402,0.0,253,780
0.0,1.0080328716226177,1.0180639047956106,-0.0011935098532187697,0.0,427,853
0.0,1.00824453353448,1.0182742270852714,-0.006444773589147287,0.0,14,158
0.0,1.0082538473645286,1.0182856445285893,-0.0038718085343292367,0.0,519,263
0.0,1.007340111505357,1.0173699996739174,-0.0018167321422748524,0.0,67,560
0.0,1.007356091378199,1.0173857777209605,-0.0021463834973016044,0.0,12,474
0.0,1.0029532674026882,1.0129909892198157,-0.028138638589439324,0.0,640,36
0.0,1.000629263865335,1.010674770970354,-0.0014995174643477062,0.0,800,674
0.0,1.0057627864453025,1.0157935200195993,-0.0013140925226644235,0.0,318,773
0.0,1.010621757172089,1.0206515408236783,-0.0033354625517113667,0.0,38,306
0.0,1.0064340407805048,1.0164648788020259,-0.0019737182112660695,0.0,355,515
0.0,1.0064244702337533,1.0164663050331342,-0.001734584138281799,0.0,724,586
0.0,1.0073428739195265,1.0173734783090254,-0.013386493135645071,0.0,270,76
0.0,1.0066484887532283,1.01669492617566,-0.01006628639777881,0.0,817,101
0.0,1.0062069586176108,1.0162467369258366,-0.0029542056305983623,0.0,683,344
0.0,1.0091819568926894,1.0192158595119736,-0.0028155134240662252,0.0,562,362
0.0,1.001680142532848,1.011710964062729,-0.0045986862002851325,0.0,348,220
0.0,1.0047696114618248,1.0148233445314077,-0.002037797880585156,0.0,968,498
0.0,1.00126440681737,1.0113111869883369,-0.01330672614458338,0.0,824,76
0.0,1.0062299179885486,1.0162855116929563,-0.004598576975986228,0.0,1003,221
0.0,1.0005850393441165,1.010615825141997,-0.028874737861199914,0.0,334,35
0.0,1.0073503143277662,1.0174022357265926,-0.0024754312304783276,0.0,930,411
0.0,1.0083968260942697,1.0184277795575554,-0.0268007310409883,0.0,395,38
0.0,1.00165128503113,1.0116813173609671,-0.0060219126033390896,0.0,107,168
0.0,1.0073321893491993,1.0173624847733436,-0.0028026514732048032,0.0,178,363
0.0,1.0073435155256902,1.0173905894810673,-0.0017817698589861074,0.0,832,571
0.0,1.0066590000413953,1.0167073470627201,-0.0013448509881782012,0.0,858,756
0.0,1.006642714466409,1.016689200852909,-0.010590512508884467,0.0,818,96
0.0,1.0077197742270982,1.0177497885367757,-0.0058157130773530035,0.0,101,175
0.0,1.0080265503898431,1.0180565178470715,-0.00484788818022415,0.0,88,210
0.0,1.008021435499188,1.0180684604904968,-0.010079885747430661,0.0,828,101
0.0,1.0084896383953037,1.0185385240214373,-0.001162715210070134,0.0,868,876
0.0,1.0073380581544598,1.0173828797624083,-0.0009993937915151359,0.0,785,1018
0.0,1.007421269448173,1.0174537521092475,-0.0015997700504862382,0.0,534,636
0.0,1.0005609716106392,1.0106060870030547,-0.0016092453614698322,0.0,790,628
0.0,1.0029852837155318,1.01301496645425,-0.0019863038557926473,0.0,10,510
0.0,1.0041353447168149,1.0141664905829089,-0.0010720576010390156,0.0,469,946
0.0,1.0066519175775284,1.0166829589963982,-0.0019665047562793,0.0,429,517
0.0,1.0059644434043662,1.0160006962992156,-0.002379392731379896,0.0,607,427
0.0,1.0003264254465876,1.0103567208707318,-0.0011213726091795025,0.0,179,901
0.0,1.0003217893537908,1.0103775299504036,-0.009269518623398199,0.0,1006,109
0.0,1.003677351395254,1.013708497261348,-0.002419352022103456,0.0,62,419
0.0,1.0059655624003199,1.0159964498968748,-0.0013975191883038168,0.0,371,727
0.0,1.0077034655533907,1.0177343942791595,-0.0014057104893358556,0.0,385,724
0.0,1.0050128431686858,1.01505849716591,-0.008529903337528656,0.0,802,119
0.0,1.0005835089739321,1.010613447598928,-0.001307391264681666,0.0,81,773
0.0,1.0073342835548829,1.0173691164915795,-0.0010709148594648206,0.0,580,950
0.0,1.0033611329345717,1.0133918060393512,-0.0012860302107098366,0.0,293,788
0.0,1.0080265503898431,1.01805763303787,-0.0010119857187255168,0.0,443,1006
0.0,1.0080265503898431,1.0180567304850001,-0.002170696653486141,0.0,147,469
0.0,1.0061091955827237,1.0161403414488177,-0.001362118420172678,0.0,404,746
0.0,1.0075300882140823,1.017560879509233,-0.007482065290509066,0.0,340,136
0.0,1.007345042848442,1.0173747183790738,-0.00601996874780517,0.0,9,169
0.0,1.0092168835454345,1.0192476885836186,-0.050962384429180926,0.0,342,20
0.0,1.0104611932910075,1.0205165421750166,-0.0011505259776493986,0.0,1000,887
0.0,1.0049130261041341,1.0149450680885366,-0.0010808786667609548,0.0,521,939
0.0,1.0080271776877225,1.0180800783680297,-0.001398461646109931,0.0,950,728
0.0,1.0097940135572117,1.0198462777045165,-0.001050305126369224,0.0,936,971
0.0,1.0062296851392034,1.0162598472142008,-0.0015953843755324973,0.0,143,637
0.0,1.010506579882815,1.0205365004876512,-0.0011649960051228895,0.0,75,876
0.0,1.0041514770915683,1.0141821117157974,-0.026689002939889406,0.0,278,38
0.0,1.0036343560076375,1.0136843678075138,-0.0027176524606099565,0.0,891,373
0.0,1.0085509293101609,1.0185812607746243,-0.0013877128893387252,0.0,189,734
0.0,1.0105412147054835,1.0205888272657262,-0.001612304624432427,0.0,842,633
0.0,1.0003176324858032,1.0103716593397962,-0.0012887393614028012,0.0,972,784
0.0,1.0009935353477317,1.0110245107998708,-0.00280840141888853,0.0,403,360
0.0,1.0080174786970133,1.0180480638462086,-0.006568052024814249,0.0,260,155
0.0,1.0004648383421113,1.0105107861238025,-0.1684184643539671,0.0,806,6
0.0,1.0041514855849982,1.0141859268090911,-0.0024796721926872646,0.0,571,409
0.0,1.0085375851784875,1.0185803502952808,-0.0013599203608748742,0.0,743,749
0.0,1.0078558432763884,1.0178923899557049,-0.0012676119426596574,0.0,616,803
0.0,1.0105400786919745,1.020570229954842,-0.0013999591631753663,0.0,139,729
0.0,1.0066649527944378,1.0167004222640799,-0.006916329403157006,0.0,592,147
0.0,1.009834855332599,1.019865035427756,-0.0019027332750517836,0.0,146,536
0.0,1.007334450178746,1.0173650848029752,-0.0027202274994731954,0.0,278,374
0.0,1.0061513451304336,1.0161823453200896,-0.0012750092162109028,0.0,414,797
0.0,1.0073556110780828,1.0173855497030786,-0.001597151569392588,0.0,80,637
0.0,1.0080189263075567,1.018050077670921,-0.01696750129451535,0.0,468,60
0.0,1.007326099611646,1.0173559733640332,-0.011693746820276242,0.0,61,87
0.0,1.0088922237277984,1.018928231802306,-0.0023369913573447385,0.9115010653436002,601,436
0.0,1.0066640842808852,1.0166941886913605,-0.00386575737145004,0.0,124,263
0.0,1.0009970967279287,1.0110344757965208,-0.0010710110972420772,0.375327345840617,631,944
0.0,1.0048474308422328,1.0148780517234286,-0.004902792520403037,0.0,274,207
0.0,1.009211428742276,1.0192637418536492,-0.0010808735332488327,0.0,938,943
0.0,1.0073446133945936,1.017387819188059,-0.0016928249903295492,0.0,751,601
0.0,1.0048416132648867,1.014894367052932,-0.001858780892038337,0.0,945,546
0.0,1.0007891225994285,1.0108198616709387,-0.0031198143878732676,0.0,316,324
0.0,1.0091510540831905,1.0191819140936218,-0.002173095765658042,0.0,360,469
0.0,1.0048492310593247,1.014888960403482,-0.0016058369626637374,0.0,679,632
0.0,1.0103122817588428,1.020345009240316,-0.0010162798896815896,0.0,535,1004
0.0,1.4159330527486986,1.4259789515663215,-0.003703841432639796,0.0,805,385
0.0,1.0080208082013087,1.018058040377639,-0.001010981172172432,0.0,628,1007
0.0,1.009820185162198,1.019855067062963,-0.003983808855714699,1.640709300432377,579,256
0.0,1.8531214813122006,1.8631652746746,-0.050355818234448645,0.0,761,37
0.0,1.00483160163094,1.0148656021783609,-0.002780453704598249,0.0,562,365
0.0,1.0048445430649053,1.014876487121171,-0.002215887526465439,0.8900579865090776,519,458
0.0,1.0066527856034213,1.0167018670858852,-0.0010758749916252753,0.0,869,945
0.0,1.0055221403876544,1.0155706832653095,-0.0012710521692932534,0.0,859,799
0.0,1.0098104366231269,1.0198658834353296,-0.01924275251764773,0.0,999,53
0.0,1.7383284303292044,1.7483594827425009,-0.002273549392382966,0.0,431,769
0.0,1.0098231230066972,1.0198530904639256,-0.0015336136698705647,0.0,86,665
0.0,1.0073249271683835,1.017362648985511,-0.007319155748097201,0.0,637,139
0.0,1.009131487092759,1.0191624350587745,-0.0010151020269509707,0.0,392,1004
0.0,1.007336360435204,1.0173691368807454,-0.0017510656400701297,0.0,537,581
0.0,1.2110680217809318,1.221114263347033,-0.009393186641131025,0.0,811,130
0.0,1.0073289023728762,1.0173593743946299,-0.0011983031500525675,0.0,226,849
0.0,1.0092312689008054,1.0192623817835624,-0.009437614646144097,0.0,452,108
0.0,1.0091491512119433,1.0191791186691717,-0.0014096529995424227,0.0,86,723
0.0,1.007346826118635,1.0173779087666617,-0.002684374429463487,0.0,441,379
0.0,1.0073253703092178,1.0173803764447484,-0.0013368993120167522,0.17157744318245705,990,761
0.0,1.0048067060665744,1.014844868560374,-0.007746907393590641,0.5254535553157211,645,131
0.0,1.008464443857406,1.0184961920573983,-0.004587820684943235,0.0,514,222
0.0,1.0048441895038422,1.0148744849279865,-0.001405643330925189,0.7935456747189278,177,722
0.0,1.6589781913974662,1.6690092300677293,-0.002767842835933216,0.0,426,603
0.0,1.006654441113369,1.016685586979463,-0.011423433561567001,0.0,462,89
0.0,1.9085457341715255,1.918582868419719,-0.009451147135072507,0.0,624,203
0.0,1.0073224808888313,1.0173784173417744,-0.008139027338734195,0.0,1008,125
0.0,1.0105122080937008,1.0205430626069187,-0.001018506050505907,0.0,359,1002
0.0,1.004835206522955,1.0148710677052009,-0.000994971635005099,0.0,601,1020
0.0,1.0048500666445648,1.0148812454940526,-0.001273376719565938,0.0,477,797
0.0,1.5852879744322195,1.5953438619210942,-0.011477293970655354,0.0,1009,139
0.0,1.8504047579259009,1.860460400594377,-0.0019101236145732824,0.0,1004,974
0.0,1.008010433658967,1.0180593192851006,-0.009884071061020395,0.0,865,103
0.0,1.0066432071052986,1.0166735025294429,-0.0020790869172381244,0.0,177,489
0.0,1.0003306988392637,1.0103731212075218,-0.0015308683654659421,0.0,733,660
0.0,1.0071834228612602,1.0172133975265751,-0.0014428558830164187,0.8686068975627563,87,705
0.0,1.0305895361412922,1.0406199649146401,-0.0010469013731535615,1.1688713316805774,214,994
0.0,1.0084595633363165,1.018490761426051,-0.0020329156914691638,0.0,483,501
0.0,1.0073377173799258,1.0173682038177958,-0.0013601179195425078,0.0,231,748
0.0,1.0063912863261066,1.0164293019276442,-0.003289415216594318,0.0,643,309
0.0,1.0062043126291087,1.0162458536440226,-0.002799575354391247,0.0,716,363
0.0,1.005952435355539,1.0160053849999144,-0.01722043025423584,0.0,947,59
0.0,2.0139405499100462,2.023987281116888,-0.00857621729286817,0.0,820,236
0.0,1.2307368890410544,1.2407710854447487,-0.029542168701065446,0.0,564,42
0.0,1.5631857253424641,1.5732380874179626,-0.017100413993673506,0.0,935,92
0.0,1.0050193517381558,1.0150692656098954,-0.0014196772945592943,0.7935456747189278,886,715
0.0,1.007084209644745,1.01711403654474,-0.0024627458511979174,0.0,46,413
0.0,1.007349969001723,1.01738043381539,-0.0016330344041980578,0.0,225,623
0.0,1.0069143478782507,1.0169447153830333,-0.0018557385317208637,0.0,199,548
0.0,1.4358271864903713,1.4458576729282413,-0.004303147836095957,0.0,229,336
0.0,1.0052573617733742,1.015302526129858,-0.002089099848003823,0.0,788,486
0.0,1.0063941262424692,1.0164471738149814,-0.0015931773884247358,0.0,951,638
0.0,1.005522263445073,1.015554697142079,-0.001681381948910727,0.0,529,604
0.0,1.006221269945172,1.0162521849278505,-0.0014901058430027135,0.0,381,682
0.0,1.0063943966135867,1.0164246523934253,-0.0014881766506492317,0.0,165,683
0.0,1.0052730648285433,1.0153034071051366,-0.006267304982130473,0.0,189,162
0.0,1.0066452986987429,1.0166759773007925,-0.002066414588009741,0.0,294,492
0.0,1.006887422815339,1.0169171451984198,-0.002305934569610929,0.8042620268650467,16,441
0.0,1.0082167013535468,1.0182686227523732,-0.0045056133750105,0.0,926,226
0.0,1.0070889674066166,1.0171194826767191,-0.00128749301604648,0.0,238,790
0.0,1.0075988807433873,1.0176298314580094,-0.0010791408605069028,0.24664257457482108,393,943
0.0,1.0066383571209485,1.0166691923938629,-0.0028882647511189285,0.0,351,352
0.0,1.0045789483398835,1.0146091428511568,-0.002492897156882449,0.0,147,407
0.0,1.0089437727888821,1.0189736393332396,-0.002172651683013304,0.0,60,469
0.0,1.0073403784365382,1.017370475638927,-0.0012140459136502709,0.0,124,838
0.0,1.0066759066272084,1.0167251350018773,-0.001818828506264539,0.0,874,559
0.0,1.00469881781288,1.0147300241484913,-0.12684125301856142,0.0,484,8
0.0,1.0078017282074825,1.0178498304084656,-0.0013571331072112873,0.8257090142481047,847,750
0.0,1.0081511523622453,1.018181918919879,-0.003057603360119757,0.0,327,333
0.0,1.0066450947354042,1.0166850199358919,-0.008615974745219423,0.0,681,118
0.0,1.0070752484047034,1.0171190417671028,-0.0010191573564800628,0.0,762,998
0.0,1.004407039179796,1.0144380503639354,-0.0013471952860078823,0.0,415,753
0.0,1.0073278397989043,1.0173590543803357,-0.0027057421659051483,0.0,490,376
0.0,1.009596253557902,1.0196331429857537,-0.0012825574125606965,0.0,621,795
0.0,2.635963934996937,2.6460148281501574,-0.004402686902080129,0.611244641337521,906,601
0.0,1.0073477492265397,1.017401825044601,-0.001218445299454612,0.0,972,835
0.0,1.0085923216767583,1.018647474704494,-0.050932373735224704,0.0,992,20
0.0,1.0038829952069364,1.0139135995964352,-0.001247126198765603,0.18229857244341474,264,813
0.0,1.0032474668050213,1.0132780299653064,-0.0024241101195342256,0.0,253,418
0.0,1.5340406993779538,1.5440894381118824,-0.010158483145472911,0.0,862,152
0.0,1.0066459454901633,1.0166762625385104,-0.007475560753959635,0.0,183,136
0.0,1.0073265506900952,1.0173570731682844,-0.0017041157004493875,0.0,240,597
0.0,1.0193247392108447,1.0293552256487146,-0.002038327179502405,0.0,231,505
0.0,1.0080213872455488,1.0180581297811386,-0.003094401610277017,0.0,618,329
0.0,1.0040154973033282,1.014046159413681,-0.003472760819909866,0.0,287,292
0.0,1.0033010183772149,1.0133551921234698,-0.0025461185731745473,0.0,973,398
0.0,2.6807881162799845,2.6908185198250862,-0.005029567326775862,0.0,208,535
0.0,1.0078728201903004,1.0179029246007758,-0.013755444927037511,0.0,121,74
0.0,1.4335018737319842,1.443534846033856,-0.0049267400888527504,0.0,537,293
0.0,1.0080220145434282,1.0180519459603374,-0.0010441558420106025,0.0,77,975
0.0,1.0030743367402692,1.0131048159700526,-0.0017962851346986749,0.0,228,564
0.0,1.009201827077277,1.0192316611853585,-0.002245003658998587,0.0,48,454
0.0,1.0073280224311247,1.0173688779490249,-0.0012287063743345711,0.0,701,828
0.0,1.008420057433284,1.018470460945764,-0.004896492600700788,0.0,894,208
0.0,1.4699218667669811,1.4799556224940034,-0.01088202663598532,0.0,553,136
0.0,1.0079180256353766,1.0179477372063275,-0.001888585783314151,0.0,13,539
0.0,2.755141621650239,2.7651944733664777,-0.002938570109847479,0.021447276905178114,947,941
0.0,1.0064573435311104,1.0164881650609914,-0.02989671073708798,0.0,348,34
0.0,1.0052509770866322,1.015280778758381,-0.0161155679167997,0.0,41,63
0.0,1.2861594765052473,1.2962140909281743,-0.003349390415835076,0.0,983,387
0.0,1.006640798708986,1.0166750440767487,-0.0011767072269406815,0.0,566,864
0.0,1.0045865266756095,1.0146171860373556,-0.0014052869612705757,0.0,284,722
0.0,1.0099734729479906,1.0200042312598043,-0.0011074964508792663,0.010723590198892907,323,921
0.0,1.0011282352616604,1.011158181094686,-0.0010978916189953159,0.0,80,921
0.0,1.0078923978198873,1.017943193044971,-0.001957583063548021,0.0,905,520
0.0,1.0066457875291803,1.016676457885353,-0.04621256626751605,0.0,292,22
0.0,1.0059620255371442,1.0159931109337776,-0.00106386713186783,0.39676926658677303,440,955
0.0,2.4617199580555393,2.4717701167476207,-0.0030217238591046707,0.38604924716054256,891,818
0.0,1.00664154800927,1.0166714109495842,-0.0020252418544812437,0.0,58,502
0.0,1.0071420283560428,1.017198111701191,-0.00145314015957313,0.042893974766116116,1010,700
0.0,2.681151124408757,2.691202409274581,-0.0051358824604476735,0.0,915,524
0.0,1.0043741221630285,1.0144046990664037,-0.002321292217543258,0.0,259,437
0.0,1.0073411142128066,1.0173721611288897,-0.0021020085973737393,0.0,430,484
0.0,1.007347972077639,1.0173888765596075,-0.0018135274091971613,0.0,704,561
0.0,1.0043837759528174,1.0144215467340132,-0.0017106602811703426,0.0,641,593
0.0,2.529426963802109,2.539459201642842,-0.0028122471778990496,0.0,526,903
0.0,1.005947724243299,1.015978861863573,-0.0012255474811382063,0.0,461,829
0.0,1.0080909335108004,1.018122289998189,-0.0011569571477252148,0.0,510,880
0.0,1.0030263624352074,1.0130777941932365,-0.03493371704114609,0.0,919,29
0.0,1.0018206858182452,1.01185066769159,-0.011904125502253999,0.0,91,85
0.0,1.0080220145434282,1.0180608135701732,-0.00385629096049308,0.21447276905178114,660,264
0.0,1.000918698409862,1.0109739983298027,-0.003293074913126393,0.0,999,307
0.0,1.0080220145434282,1.0180769717148905,-0.0017226344699067522,0.0,990,591
0.0,1.002987996010006,1.0130403091213793,-0.0010742739227162029,0.0,935,943
0.0,1.0096132495916663,1.0196439914117832,-0.0010744404545961889,0.0,318,949
0.0,1.0673392569538578,1.0773928920952471,-0.0014346110414051227,1.9624170063995052,962,751
0.0,3.181656275405146,3.1917073644146967,-0.012818101865119265,0.0,911,249
0.0,1.0011265949558492,1.0111760681509168,-0.002151438442874291,0.0,877,470
0.0,1.0066373949407534,1.0166684885832638,-0.0010066024639438255,0.6434154119342566,445,1010
0.0,1.0037195550048637,1.0137505799320365,-0.0017722912236574065,0.0,421,572
0.0,1.0066877465576454,1.0167182582237615,-0.00184857865131593,0.0,239,550
0.0,1.0054611498487702,1.0154955910728631,-0.001784702269020849,0.0,571,569
0.0,1.0016247191333605,1.0116707648431884,-0.014452439497759834,0.0,809,70
0.0,1.003025667268048,1.0130564090881649,-0.0068915401978786725,0.0,321,147
0.0,1.0009203873945012,1.0109686854517577,-0.0010326544284491907,0.0,854,979
0.0,1.0073597077213776,1.0174114332638737,-0.0012829904580881131,0.0,926,793
0.0,1.000274734548384,1.01030495789189,-0.007653825438574923,0.0,158,132
0.0,1.008025151032939,1.0180654189819052,-0.003151905321925403,0.0,692,323
0.0,1.003197436931714,1.0132286652561788,-0.0032064198267600596,0.0,496,316
0.0,1.0000066258568836,1.0100373759228205,-0.009352197925211301,0.0,325,108
0.0,1.007339540706937,1.017369947856082,-0.002569116029939601,0.0,211,396
0.0,1.0000189864123854,1.0100575406187318,-0.028858786874820908,0.0,658,35
0.0,1.005288214398206,1.0153185314465532,-0.001015318531446553,0.0,183,1000
0.0,1.0009492523661834,1.0109796450992121,-0.00234023065995188,0.0,205,432
0.0,2.973570605285147,2.983606221647051,-0.012483708040364229,0.0,594,239
0.0,1.0023381246816143,1.0123812815110114,-0.006704511798086168,0.0,752,151
0.0,2.770346399291384,2.7803774681963773,-0.0030961887173679035,1.5549275756254701,437,898
0.0,1.004328515341399,1.0143801919198268,-0.004316511454977986,0.514732329547428,922,235
0.0,1.0007145903057904,1.0107555927158955,-0.002695348247242388,0.0,708,375
0.0,1.0022209429981217,1.0122514150198754,-0.0010723002277752917,1.6514328906312699,226,944
0.0,1.001674834709263,1.0117123117059919,-0.015100183756805849,0.0,634,67
0.0,1.0009824393792428,1.0110136869440112,-0.0018653389058007586,0.0,502,542
0.0,1.0082217958640172,1.018277095783958,-0.001376050129437781,0.0,998,740
0.0,2.305469846621122,2.315512660701984,-0.002362768021124473,0.31098551512508266,742,980
0.0,1.0054872910801578,1.015516995443079,-0.0016813195288792697,0.16085385298356414,13,604
0.0,1.0016110829433842,1.011657422437679,-0.001434975067287488,0.0,813,705
0.0,1.0022889268719837,1.0123447164326649,-0.0015246155367961822,0.0,1006,664
0.0,1.0016646200234618,1.0116950451927664,-0.014249225988630513,0.0,215,71
0.0,1.0097229228101128,1.0197536069093758,-0.0031473876756462215,0.0,297,324
0.0,1.0066526887604255,1.016683433329149,-0.003986993856192741,0.0,319,255
0.0,1.0,1.0100438182992093,-0.0014512123826138064,0.0,858,696
0.0,1.0053022411300958,1.015356463840419,-0.0011551268075545155,0.0,975,879
0.0,1.0180719426757605,1.0281163725711053,-0.0012181473608662385,0.0,775,844
0.0,1.000699643726307,1.0107294922505048,-0.001378894259550484,0.0,59,733
0.0,1.0102598223756445,1.020289494302233,-0.007557699957794318,0.0,3,135
0.0,1.0066363217927687,1.0166740925739646,-0.004066696370295858,0.0,639,250
0.0,1.0066626485885308,1.0166948864292635,-0.0021540145898925073,0.0,526,472
0.0,1.0047229544740617,1.0147688043275593,-0.0017316873793985655,0.0,806,586
0.0,1.0059542613391272,1.0160036855701264,-0.001125142508937017,0.6434154119342566,876,903
0.0,1.0080000339340813,1.0180351116911197,-0.002651133103362291,0.0,585,384
0.0,1.006635327254287,1.0166810302155795,-0.0021358845172596208,0.18230103338134995,800,476
0.0,1.4944696435360925,1.504514024467369,-0.00587700790807566,0.0,774,256
0.0,1.0086618911047935,1.0186920351596314,-0.002113468952613343,0.0,138,482
0.0,1.0050269472242803,1.0150773507367603,-0.0013981781690588985,0.0,898,726
0.0,1.0000439843403797,1.0100763690733174,-0.0013723863710235291,0.0,531,736
0.0,1.0102912845391643,1.0203223204608207,-0.0019583921697904428,0.0,425,521
0.0,1.0102810902797046,1.02032228854614,-0.0020085084420199606,0.0,708,508
0.0,1.0015599931401198,1.011612893820427,-0.0017030520097986986,0.0,948,594
0.0,1.0001803580591968,1.0102114242155835,-0.038854285546753214,0.0,436,26
0.0,5.072277646180169,5.082317718272861,-0.0075071162751445515,0.25736732286213737,686,677
0.0,1.0009099387443712,1.0109435475791884,-0.0012404215307720103,0.021447180397785814,553,815
0.0,1.0059939651762306,1.0160309035681507,-0.0034441725544683078,0.0,622,295
0.0,1.0064897517021905,1.0165325657830522,-0.002455392670973556,0.0,744,414
0.0,1.0052817873003619,1.0153276371538595,-0.0012321937344100238,0.0,803,824
0.0,1.0073296215728078,1.0173599602453578,-0.0011885046264548573,0.0,191,856
0.0,1.008040763251529,1.0180904323028699,-0.002401156679959599,0.0,883,424
0.0,1.0073476413001572,1.0173993668426533,-0.004891343109820449,0.0,924,208
0.0,1.0002196493777546,1.010249411405141,-0.0024882990428698056,0.0,30,406
0.0,1.005960398146044,1.0160158939223152,-0.0013076137630917827,1.1259820375219078,1001,777
0.0,1.007336949922717,1.0173755530931885,-0.0019754865108605603,0.0,657,515
0.0,1.874590536489393,1.8846215091929253,-0.0021464937462334,0.0,402,878
0.0,1.004602502837031,1.0146333683446755,-0.00107482348341597,0.7292008522749143,361,944
0.0,1.0059730010571002,1.016003314501404,-0.0010356812584112172,0.5469006392061715,181,981
0.0,2.605091235934765,2.615136596147522,-0.01094199412614026,0.0,793,239
0.0,1.001670636503718,1.0117014442905088,-0.0015213555553240735,0.0,342,665
0.0,1.0057988642856799,1.0158287524542402,-0.0013278807221624054,0.0,67,765
0.0,1.0105858800999385,1.0206163196853595,-0.002278161427869106,0.0,217,448
0.0,1.002962351286726,1.0129930078998655,-0.010663084293682795,0.0,284,95
0.0,4.199729065106737,4.209784756739282,-0.0048724360610408355,0.0,1005,864
0.0,1.0102457441250863,1.0202761224419987,-0.0013147888175798952,0.0,200,776
0.0,1.0044214326913448,1.014452526333855,-0.0030740985646480457,0.0,445,330
0.0,1.0037250754855336,1.0137594187814898,-0.0015864779636643033,0.0,568,639
0.0,1.0065980663118808,1.016633731637853,-0.002254176788553998,0.0,595,451
0.0,1.0066394159782703,1.0166691599854971,-0.002229537631547143,0.0,24,456
0.0,1.0080261643603308,1.0180712797527462,-0.001497163646695215,0.0,790,680
0.0,1.0072851906775213,1.0173162211019076,-0.0026492609924528843,0.0,421,384
0.0,2.2584282820826047,2.2684676197141584,-0.0037870911848316502,0.0,671,599
0.0,3.6003934118377288,3.6104246539052838,-0.03342985790653041,0.0,498,108
0.0,1.0002803132956046,1.010336852059595,-0.05317562379261026,0.0,1022,19
0.0,1.0076560546929727,1.0176858347405187,-0.0017698884082443802,0.05361795099452138,34,575
0.0,1.9939115545370782,2.0039461426533762,-0.009727893896375612,1.6192621200345343,573,206
0.0,1.0059560088408261,1.015986921074898,-0.001047409196984431,0.0,380,970
0.0,1.006632972154648,1.0166679519835498,-0.03279574038656612,0.0,580,31
0.0,1.7208218873851138,1.7308525577412865,-0.006787657089181516,0.0,291,255
0.0,1.0073202569434443,1.0173557264130864,-0.010381180881766188,0.0,591,98
0.0,1.0066719496315955,1.0167176036288197,-0.0009977601605778406,0.0,801,1019
0.0,1.000828058323009,1.0108640663975166,-0.03369546887991722,0.0,601,30
0.0,1.009868120106944,1.0198989306423414,-0.0015199686000631019,0.26808854863048737,341,671
0.0,1.00526727317839,1.0152976514953025,-0.046149893249786474,0.17157512700561028,197,22
0.0,1.0066552068652186,1.0166857645282903,-0.0010601519963798647,0.7077569531276708,250,959
0.0,1.0045793342606544,1.0146347321087887,-0.006902277089175434,0.0,997,147
0.0,1.3169768641819815,1.3270077489299297,-0.013822997384686767,0.0,369,96
0.0,1.0080234621539716,1.0180533863628511,-0.004055989587102992,0.0,76,251
0.0,1.0696080190911061,1.0796391594599868,-0.009814901449636244,0.0,459,110
0.0,1.0078871257688888,1.0179180077682304,-0.005301656290459533,0.0,368,192
0.0,1.0022864841703267,1.012316757970325,-0.003265537928936532,0.0,172,310
0.0,1.000203656000508,1.0102419164224443,-0.0010163399561594008,0.0,649,994
0.0,1.006624770728024,1.0166646469644434,-0.0019291549278262683,0.15012891168146325,679,527
0.0,1.007367973900216,1.0173982621163304,-0.0013010207955451796,0.0,176,782
0.0,1.0050718752589205,1.0151036724229812,-0.00132347284540154,0.0,516,767
0.0,1.0045469275934238,1.0145772626619305,-0.005636540348121836,0.0,185,180
0.0,1.0066255018053312,1.0166553863698482,-0.0014238870957560899,0.0,62,714
0.0,1.0102701871325053,1.0203175548723493,-0.0013425230985162492,1.2653836434706704,834,760
0.0,1.0102559530172357,1.020285931286594,-0.0023083392110556425,0.0,89,442
0.0,3.4709530667461763,3.4809978393900565,-0.018130197080156545,0.0,781,192
0.0,1.0082231763516916,1.0182541133232803,-0.002590977387591044,0.0,386,393
0.0,1.0037289843886583,1.0137592149402508,-0.0010429621552883238,0.0,158,972
0.0,1.00733023044711,1.0173626151800477,-0.0017156199244182928,0.0,529,593
0.0,1.0029620764899505,1.013009640086068,-0.0015705575815287876,0.0,840,645
0.0,1.3383980936955595,1.3484389492134596,-0.0023248947400232064,0.0,701,580
0.0,1.00229129090485,1.0123372876506096,-0.0018406132502738356,0.0,805,550
0.0,1.0618626684603782,1.071893426772192,-0.0020653052538963236,0.0,320,519
0.0,1.006824428184018,1.0168591142285095,-0.002033718228457019,0.0,572,500
0.0,1.0093926963633635,1.019423074680276,-0.0010798973248731737,0.0,199,944
0.0,1.084662721504344,1.0946937354370903,-0.0016586268718743792,0.22519438084958665,415,660
0.0,1.542998088688762,1.553029934816891,-0.002958152256794078,0.664856608875084,515,525
0.0,2.5709143319495524,2.580945304653085,-0.009385255653283945,2.3162954829633122,401,275
0.0,1.0917285379660484,1.1017718416877074,-0.0011288645918931428,3.281403835237029,750,976
0.0,1.5414319958036913,1.551483084813242,-0.0022259441675943213,0.13940604528784206,909,697
0.0,1.0080733125915344,1.01810370172052,-0.0011491012434768847,0.0,203,886
0.0,1.009588072067345,1.019617798054412,-0.001074412853587368,0.0,18,949
0.0,1.0092303586028493,1.0192769918815543,-0.0022110129975738703,0.0,822,461
0.0,1.0064853162175496,1.016539000323064,-0.014732449280044408,0.0,964,69
0.0,1.007842058708036,1.0178724586491512,-0.01197497010175472,0.0,205,85
0.0,1.0066518994827334,1.0166925591443032,-0.0010046369161504972,0.0,697,1012
0.0,1.0067148270405255,1.0167560742710293,-0.0024441251785361283,0.6326946687027544,710,416
0.0,1.0024818769957733,1.0125129239118564,-0.0038498590262808228,0.0,430,263
0.0,1.0033873360658276,1.013419965619164,-0.003882835117314805,0.0,534,261
0.0,1.2003316948938618,1.2103662340460914,-0.009382683984853422,0.0,571,129
0.0,1.0073099158864807,1.0173572346622564,-0.006968200237412714,0.0,831,146
0.0,1.0080560285346678,1.018086613683863,-0.002968182547183274,0.0,261,343
0.0,1.0054939552818496,1.0155504238463777,-0.001721271904824369,0.0,1021,590
0.0,1.1612562808753637,1.1712863348294036,-0.0040250389513037926,0.0,111,291
0.0,2.1794714440123357,2.189522630950023,-0.009952375595227377,0.0,913,220
0.0,1.0073491003296908,1.0173904944523997,-0.0014451569523471588,0.0,713,704
0.0,1.0082078932753689,1.0182376012422765,-0.02036475202484553,0.0,14,50
0.0,1.511403407402213,1.5214346054919474,-0.002104335553930771,0.0,484,723
0.0,1.0267220575100282,1.0367531016775047,-0.0010164246094877497,1.576362740855643,426,1020
0.0,1.0066692466011773,1.0167078497716489,-0.0014671108943313837,0.9007815767079705,655,693
0.0,1.0080220145434282,1.0180745724752,-0.0017373286219713312,0.0,941,586
0.0,1.001071960552224,1.0111029140155097,-0.0020847482763206387,0.0,394,485
0.0,1.007341552153548,1.0173827993840519,-0.0030100082822013367,0.0,709,338
0.0,1.0080233173928832,1.0180725457675521,-0.0011030038415683122,0.0,874,923
0.0,1.0011599356167267,1.0111998608172144,-0.05948234475395379,0.0,683,17
0.0,1.0067930504545757,1.0168241303539958,-0.02990659206923517,0.0,441,34
0.0,1.007529679344998,1.0175612806527283,-0.20351225613054566,0.0,512,5
0.0,1.0085536912047246,1.0186097255858044,-0.0010206510276410865,0.0,1013,998
0.0,1.0104218660351307,1.0204690379186445,-0.0016592992486482024,0.0,832,615
0.0,1.0086647139746105,1.0187125223911266,-0.0021356656653902027,0.0,844,477
0.0,1.0047910042765693,1.0148289709140386,-0.0010637620240189084,0.8364400355145563,642,954
0.0,2.8289946198373173,2.8390339085048026,-0.009996598269383108,2.0160440290867996,670,284
0.0,1.0066617196682728,1.0166926566398615,-0.00221020142747796,0.0,389,460
0.0,1.0038928976333068,1.0139441824991309,-0.0012770077865228349,0.375327345840617,915,794
0.0,1.809534722341425,1.8195653542170476,-0.019995223672714807,0.0,277,91
0.0,2.7323127195502366,2.7423439038969377,-0.007638840957930188,0.0,480,359
0.0,1.0066296399550083,1.0166594344187274,-0.005555516035075013,0.0,37,183
0.0,1.0066601260051584,1.0166907991099379,-0.0016163605709219998,0.0,292,629
0.0,1.5229653232030955,1.5329959770676282,-0.002460667699948039,0.36460370738802794,286,623
0.0,1.001271945024996,1.011302653861776,-0.0009943978897362597,0.0,306,1017
0.0,1.0066472718435193,1.0166953740445024,-0.003090259495575995,0.0,849,329
0.0,1.0066310960373812,1.0166612761325382,-0.0015616916684063568,0.0,145,651
0.0,1.7118446606282873,1.7218982957696767,-0.008482257614628948,0.31098271641133124,961,203
0.0,1.0052160770912906,1.01524841286016,-0.002128403381258197,0.0,528,477
0.0,1.0059798859665534,1.0160152085439904,-0.0010661229890283216,0.21447180397808552,588,953
0.0,1.0004017229499595,1.0104438515338074,-0.0019469053016065653,0.0,729,519
0.0,2.3157907101879687,2.3258470383535155,-0.002867875509683743,0.5790764764398091,1018,811
0.0,1.0080246684960912,1.0180543728590123,-0.024239389829976483,0.0,15,42
0.0,1.0050720257730745,1.0151038719012035,-0.0019521228305792377,0.0,517,520
0.0,1.005970571057162,1.0160003691248676,-0.001795053655697646,0.45039078835395685,39,566
0.0,1.0059671606573488,1.0159973335444192,-0.0010739929530067856,0.0,144,946
0.0,1.006835181262261,1.0168847523854652,-0.001982231486131511,0.8364400355145563,879,513
0.0,1.008027611970931,1.0180663130695393,-0.005358243752997575,0.0,660,190
0.0,1.0068042909772998,1.0168417679740287,-0.007762150900565105,0.0,633,131
0.0,1.0067913536357196,1.016821537334863,-0.0014588544294617833,0.0,147,697
0.0,1.0059719898673052,1.0160034442828305,-0.0014072069865413166,0.13940667258577832,509,722
0.0,1.0074805105419955,1.0175314036952159,-0.004187372031667555,0.0,907,243
0.0,1.0058928507750124,1.0159296422746706,-0.0014787913279107287,0.0,617,687
0.0,1.0094541327819684,1.0195015494858808,-0.0012680367530918915,0.0,837,804
0.0,1.0071200325246537,1.0171507193725233,-0.018163405703080775,0.0,299,56
0.0,1.003270030702879,1.0133084380170203,-0.016084260920905084,0.0,653,63
0.0,1.009608086897515,1.0196390898357777,-0.0011774123439212212,0.0,413,866
0.0,1.0074202534252095,1.0174591014160228,-0.003913304236215472,0.0,660,260
0.0,1.006582882068642,1.016613599151242,-0.008132908793209935,0.0,310,125
0.0,1.0067061949580989,1.016736558858895,-0.0011580143039395159,0.0,196,878
0.0,1.0069825843968374,1.0170127464718348,-0.3390042488239449,0.0,140,3
0.0,1.003424529002018,1.0134553093026852,-0.004136552282868103,0.0,334,245
0.0,2.5172233765345027,2.5272530772933806,-0.0032992860016884864,0.0,11,766
0.0,1.006514595840315,1.016544902076589,-0.003043547611007752,0.0,181,334
0.0,1.0064153174475905,1.0164536757976634,-0.0018183428905146036,0.0,650,559
0.0,1.0075819728335205,1.017615336847939,-0.0018042825121417359,0.0,548,564
0.0,1.0075178072631843,1.0175640488292856,-0.0010196032553399655,0.3324298003017816,810,998
0.0,1.00733856879134,1.0173920570405244,-0.002399509568491803,0.0,961,424
0.0,1.0033648156335175,1.0133957086272858,-0.0009945002047372774,2.0374729695915903,371,1019
0.0,2.691819429631437,2.701855535634081,-0.002745788145969595,0.010723638452589057,605,984
0.0,1.008806759197455,1.0188376906718304,-0.001218705371617022,0.0,388,836
0.0,1.0052504426137148,1.0153061832103276,-0.0012306741614670639,0.0,1006,825
0.0,1.000949668924818,1.010980732332598,-0.00505490366166299,0.0,433,200
0.0,1.0066491473260726,1.0166800485657177,-0.0011592702948297808,0.0,376,877
0.0,1.0055112608872037,1.0155557887106852,-0.004014054500832748,0.0,776,253
0.0,1.0069018033269117,1.0169431974496206,-0.0030910127582055337,0.0,714,329
0.0,1.0052778775577167,1.0153080108004247,-0.0016375935658071365,0.0,132,620
0.0,1.0071043900984478,1.017140740921434,-0.0036456657380696555,0.0,610,279
0.0,1.0055530945786586,1.015600364390366,-0.0030136509329090977,0.0,832,337
0.0,1.0076074881335444,1.0176596053886442,-0.0016820819923779244,0.0,932,605
0.0,1.0050592505962754,1.0150900968636734,-0.0013698921685069815,0.0,356,741
0.0,1.0073299284503605,1.0173781775435486,-0.001233185669749756,0.0,854,825
0.0,1.0067255992940431,1.0167573474940355,-0.0014082511738144536,0.0,516,722
0.0,1.0073453863223563,1.0173753141352222,-0.008549372387690943,0.0,74,119
0.0,1.3491202608524873,1.3591518131961493,-0.0016199664042862328,0.0,512,839
0.0,1.0073239540657255,1.01735515215546,-0.0015461324500842858,0.0,483,658
0.0,1.0066563244773192,1.0166896884917378,-0.0011197023001010328,0.0,549,908
0.0,1.0066244270036577,1.0166555261433814,-0.008133244209147052,0.0,446,125
0.0,1.0059743143126525,1.0160119871656548,-0.001049599160295098,0.0,636,968
0.0,2.358035858202868,2.368086555499815,-0.0037292701661414407,1.6943348755091279,903,635
0.0,1.0080084070041835,1.018049017701685,-0.0025324602430390176,0.0,694,402
0.0,1.0057361379510326,1.0157842401520156,-0.0009988045625880192,0.0,850,1017
0.0,1.6692111534667902,1.6792418897896937,-0.004229828437757415,0.0,315,397
0.0,1.0043692868090943,1.0144004381724585,-0.0017641746750825366,0.6755801025666415,464,575
0.0,1.0080174786970133,1.018049128968812,-0.03770552329514119,0.0,513,27
0.0,1.0059340037423112,1.0159638883068283,-0.20319277766136565,0.0,61,5
0.0,1.0041706924882305,1.0142004328914709,-0.001681924432655839,1.662149001508908,22,603
0.0,3.160043026720416,3.1700990121374275,-0.0056608910931025495,0.0,1010,560
0.0,2.5101830489091412,2.5202162170672864,-0.002961476165766494,0.0,546,851
0.0,1.0059062776721248,1.0159367857341977,-0.0020117560113548467,0.0,235,505
0.0,1.0073721303421053,1.0174022095243345,-0.001839786997331527,0.0,117,553
0.0,1.006209522230506,1.016240352006207,-0.0011535077775325848,0.0,350,881
0.0,1.0073391316549873,1.0173771962205933,-0.0011367342974531768,0.0,644,895
0.0,1.0066976678474475,1.0167346062393676,-0.004002892150548692,0.0,621,254
0.0,1.0102982185006226,1.0203289713151662,-0.0045960764473656135,0.0,320,222
0.0,1.009665598010315,1.0196967823570162,-0.004266513733711365,0.0,476,239
0.0,1.0059325170520879,1.0159630884582498,-0.005079815442291249,0.0,253,200
0.0,1.0029232847661547,1.0129542217377434,-0.0029880655508488004,0.0,388,339
0.0,1.8574780832817623,1.867509012007531,-0.0028598912894449175,0.0,386,653
0.0,2.16704182228068,2.1770723771951452,-0.002384526152459086,0.0,250,913
0.0,1.0007725562167025,1.010802934533615,-0.0013903754257683836,0.0,200,727
0.0,1.0053000776514978,1.015329782014419,-0.0034891057801182783,0.0,10,291
0.0,1.0051824417280955,1.015212697507934,-0.0035007334396825315,0.0,163,290
0.0,1.0029585399758503,1.0130073276738472,-0.001399181391814706,0.0,863,724
0.0,1.0059580681585771,1.0159888731967612,-0.0012715755609471354,0.0,339,799
0.0,1.0067560509918394,1.0168065034683877,-0.0013796560426979482,0.0,896,737
0.0,2.0039448689524306,2.013993901470826,-0.00289366939866498,0.0,869,696
0.0,1.0073214064292983,1.017372495438849,-0.005683645225915358,0.0,910,179
0.0,1.00733838993159,1.0173695907699312,-0.0019452573437283578,0.0,485,523
0.0,2.300707044793569,2.310737679417798,-0.04814036832120413,0.0,279,48
0.0,1.0079260626262112,1.0179571150395077,-0.004313377606099609,0.0,430,236
0.0,1.0188805272519517,1.0289262302132443,-0.008719713815366476,0.0,797,118
0.0,1.0066948656852333,1.0167324406100988,-0.0012741008027695475,0.34315179812909946,632,798
0.0,2.518654108954763,2.528699420203452,-0.003380614198132957,0.0,791,748
0.0,1.9218014100505343,1.9318469171555535,-0.0019592767922470117,0.9436801838278939,797,986
0.0,2.262733745421542,2.2727788608139576,-0.01589355846723047,0.0,788,143
0.0,1.0058996602023171,1.015929551974864,-0.0009979661610755048,0.0,64,1018
0.0,1.0080810035673267,1.0181118690749713,-0.001404292233206857,0.0,362,725
0.0,1.002531227716588,1.0125610798448292,-0.01875113110823758,0.0,54,54
0.0,1.0066900187959504,1.0167203682805734,-0.0013169952957002246,0.0,191,772
0.0,1.0060444260440704,1.0160993342514075,-0.0022579985205586836,0.0,987,450
0.0,4.388975412116395,4.39902787212003,-0.008459668984846212,0.0,939,520
0.0,1.0059518186528749,1.0159939962007911,-0.007696924213642357,0.0,728,132
0.0,1.002340135339125,1.012376192377701,-0.0011016063029137117,0.0,605,919
0.0,1.0059598094480862,1.0159927817499579,-0.0019242287533143142,0.0,540,528
0.0,1.003753502961274,1.0137877483290367,-0.0016646761056306023,0.0,567,609
0.0,1.0060649523338157,1.016095009891842,-0.0018144553748068607,0.0,109,560
0.0,1.0058696120601667,1.0159104186139984,-0.003539757556146336,0.0,701,287
0.0,1.0065431566932261,1.0165954698045994,-0.001464834970899999,0.39677235482258766,934,694
0.0,1.262660473970186,1.2727144028960424,-0.0012551424091676946,0.0,966,1014
0.0,1.0003341272821444,1.0103647729008003,-0.0009915257830233565,1.4047903160564488,282,1019
0.0,1.0066310349214973,1.0166618976805353,-0.0012613671187103415,0.0,361,806
0.0,1.0064378845345914,1.016467718642673,-0.0011084707945939727,0.0,49,917
0.0,1.007342275301255,1.0173727689472116,-0.001156105419258195,0.0,232,880
0.0,1.0080174786970133,1.0180703304132521,-0.0275154143354933,0.0,946,37
0.0,1.0072353584806137,1.0172661525243711,-0.001053070551267465,0.0,337,966
0.0,1.0072010635196307,1.0172573427211091,-0.0015137758076206982,0.0,1018,672
0.0,1.006724254071571,1.0167540989917256,-0.0019515433761837344,0.0,50,521
0.0,1.0081804078843106,1.0182109411745728,-0.0011338651906175644,0.0,240,898
0.0,1.0018347797448541,1.011890079664795,-0.0015102837009922313,0.0,998,670
0.0,1.007349005728372,1.017379893224927,-0.0014269002710027025,0.0,369,713
0.0,1.008015452042173,1.0180456861978087,-0.0012206782808127203,0.0,160,834
0.0,1.0039134277250241,1.013943550155659,-0.0012172191478459291,0.0,129,833
0.0,1.0067200097728346,1.0167730573453468,-0.0013985874241339022,0.0,948,727
0.0,1.0080679438196967,1.0180980842704912,-0.003784751242641231,0.0,134,269
0.0,2.4910528514630528,2.501083719719304,-0.0036998279877504497,0.0,364,676
0.0,1.0067211907365845,1.0167523036193415,-0.001263046339899803,0.0,451,805
0.0,1.0025208206705543,1.0125638795718146,-0.0027817688999225675,0.0,747,364
0.0,1.007921297164728,1.0179678325152963,-0.0011101066875848378,0.18230103338134995,817,917
0.0,1.3919689752104887,1.4019997390195158,-0.003971670648780498,0.0,325,353
0.0,1.0065644558010263,1.0165945205671392,-0.0014119368341210267,0.42894360795617104,113,720
0.0,1.0066304516583386,1.0166663128405844,-0.0017408669740420965,1.7908395632169913,599,584
0.0,1.1767986155199424,1.1868291127698853,-0.01561617253644586,0.0,232,76
0.0,1.0059561567197193,1.0159862935664705,-0.0012052031952152675,0.0,133,843
0.0,1.0003809778428945,1.0104177203784843,-0.001817298058234684,0.0,616,556
0.0,2.6587394222062244,2.6687947710902336,-0.00361625307735804,0.0,998,738
0.0,2.6474166585060175,2.6574625573236403,-0.0036205211952638153,1.5227429562211228,803,734
0.0,2.077624352262319,2.0876546729147094,-0.002235176309330524,0.6434154119342566,184,934
0.0,1.0073369816634568,1.0173678196849778,-0.0010163514682167611,0.2788133451714998,352,1001
0.0,1.5863922708597897,1.5964458570371107,-0.006211851583801988,0.0,960,257
0.0,1.008018974561253,1.0180704552833504,-0.0022877987759176415,0.0,919,445
0.0,1.0045208753671773,1.014553553884582,-0.001382225550251474,0.0,535,734
0.0,1.000119270181358,1.0101492268265133,-0.0011624271885230303,0.0,83,869
0.0,1.0094119753993027,1.019443231209891,-0.0014257947289648826,0.40749459391832943,503,715
0.0,1.0923985183532068,1.102429144731616,-0.0019512020260736564,0.0,275,565
0.0,1.0036931113222636,1.0137240372994256,-0.0012577221306444486,0.0,384,806
0.0,2.4858019131203832,2.4958417893568026,-0.0035152701258546514,0.2680897549726069,681,710
0.0,1.0052274435533946,1.015258520704208,-0.0036784729011022027,0.0,439,276
0.0,1.0073389740541074,1.0173906016684668,-0.001018409010679146,0.0,921,999
0.0,1.105507215670002,1.1155379437470287,-0.0011767277887626887,0.39677283735943547,312,948
0.0,1.0080545355831418,1.0180947545680397,-0.006568353255277676,1.91952264560382,688,155
0.0,1.0051844548958684,1.0152196305811003,-0.0014503137579730005,0.0,584,700
0.0,1.4777755812804116,1.4878217738824446,-0.001510478958256289,0.010723541945196757,809,985
0.0,1.0010705700613585,1.0111004546258755,-0.0013869690735608716,0.0,64,729
0.0,1.0051881426388718,1.0152207721922082,-0.0025767024674929143,0.0,534,394
0.0,1.0066320209000423,1.01666285342435,-0.0011184409828650715,0.0,349,909
0.0,1.008066312671417,1.018115541046086,-0.0013431603443879764,0.0,874,758
0.0,1.0087640024781308,1.0188097054394234,-0.013231294875836668,0.0,801,77
0.0,1.0066277554605563,1.0166577445419875,-0.012708221806774844,0.0,91,80
0.0,1.1704185579844193,1.1804501592921497,-0.0031647457353676934,0.0,512,373
0.0,1.1703786462075527,1.1804094320054332,-0.016862991885791902,0.0,333,70
0.0,1.0053089561162665,1.0153393524533385,-0.005704153665468194,0.0,205,178
0.0,1.0010253877912305,1.0110551462146304,-0.0012405584616130435,0.257366164773714,28,815
0.0,1.0052650089951953,1.015295365687905,-0.007691631558241704,0.0,193,132
0.0,1.0102195240718856,1.0202717392551222,-0.01172726137074853,0.0,932,87
0.0,1.0073285027252723,1.0173819909744566,-0.003082975730225626,0.0,960,330
0.0,3.2793632195425744,3.2893984441918747,-0.004071037678455291,0.22519539417697843,586,808
0.0,1.007287217136934,1.017318233818287,-0.0016488139932225071,1.0294646590947991,417,617
0.0,2.304198770941582,2.3142291564665243,-0.0028325938267644117,0.37532565696164966,202,817
0.0,1.3805866374267453,1.3906168787904107,-0.0065287177408000505,0.0,161,213
0.0,1.0106612440935123,1.0207023933958794,-0.0034023413113195983,0.0,706,300
0.0,1.0058957002912052,1.0159483071870454,-0.0012843847119937363,0.0,942,791
0.0,1.0059176659167406,1.0159485918939026,-0.0032878595206922417,0.1608524053730207,382,309
0.0,1.0066565537588303,1.01668646715558,-0.0023159145037712527,0.0,71,439
0.0,1.0016881927310237,1.011744422968377,-0.0022890145316026627,0.0,1014,442
0.0,1.0088134123305394,1.0188433942038841,-0.0020215146710394526,0.0,92,504
0.0,1.006655105173195,1.0166856875737835,-0.0010406199463395942,2.412807794753462,259,977
0.0,1.9432565161691286,1.953287601565762,-0.003288362965598926,1.1045297904871632,442,594
0.0,1.220385017893193,1.2304305249982121,-0.0012529842413423749,1.823010333813727,796,982
0.0,1.00590663435554,1.015937560332702,-0.004250784771266536,1.726482484336941,382,239
0.0,1.0073397474646981,1.0173864297074715,-0.031793325928358485,0.0,824,32
0.0,1.0101567770254292,1.020203508232271,-0.0015940679816129233,0.0,821,640
0.0,1.0059650001013551,1.0159955632616402,-0.0010605381662438832,0.0,251,958
0.0,1.0095254722069171,1.0195562167756407,-0.0017251374226322177,0.0,318,591
0.0,1.0010675122894668,1.0111199233290336,-0.0016440974363073717,0.0,936,615
0.0,1.0053444229446313,1.0153847398577227,-0.001627219134387376,0.0,690,624
0.0,1.0080001768077977,1.0180468100865028,-0.014971276618919158,0.0,823,68
0.0,1.003854949786728,1.0138857273387885,-0.008111085818710308,0.0,331,125
0.0,1.229773010789529,1.239804269348781,-0.0023087602781169106,0.6219654328227193,504,537
0.0,2.6761594449569657,2.6862027486786246,-0.007087606197041226,0.0,750,379
0.0,1.0073312948215403,1.0173613091312177,-0.007372183399501578,0.0,100,138
0.0,1.0059365868793861,1.015966662457572,-0.0010303921525938865,0.5254511908851782,114,986
0.0,1.0103756192174842,1.0204244558795494,-0.001395929488207318,1.1581439776942375,862,731
0.0,1.0073236541707615,1.0173548055341257,-0.0030735794729127666,0.0,469,331
0.0,4.442606890480761,4.45264534675897,-0.008612466821584081,0.0,653,517
0.0,1.0080861152404736,1.0181260404409613,-0.0010762431717134897,0.2680897549726069,682,946
0.0,1.0038230616178225,1.0138531624242546,-0.0010377207394311715,0.0,123,977
0.0,1.004615647170283,1.0146549358377683,-0.0011716569697895708,0.8149891878366589,668,866
0.0,1.0014748020623756,1.0115055576255259,-0.0021706127846041327,0.0,326,466
0.0,1.0001342317661965,1.010165413364291,-0.0010424823667330144,0.0,479,969
0.0,1.0,1.0100356279448306,-0.006474587358620709,0.0,674,156
0.0,1.0,1.010028231965407,-0.0010080122075503063,0.0,438,1002
0.0,1.0,1.010043061581655,-0.001595644647048428,0.0,841,633
0.0,1.0,1.0100439518375879,-0.0037270994532752322,0.0,861,271
0.0,1.0,1.0100408359419362,-0.0015303649029423274,0.0,791,660
0.0,1.0,1.010027734601863,-0.0023165773729400523,0.0,243,436
0.0,1.0,1.0100283668972452,-0.021042257643692608,0.0,492,48
0.0,1.0,1.0100278771444664,-0.0010699447851106635,0.0,296,944
0.0,1.0,1.010027184167825,-0.11222524268531389,0.0,75,9
0.0,1.0,1.0100273545402843,-0.008707132366726588,0.0,127,116
