request_id,completion_time,response_time,ttft,workload_type,utility,model_type
590,600.0717053846065,10.071705384606503,1.010027020348275,prod,3,D
169,600.3369772345994,10.059769321297495,3.6024930533815223,dev,1,C
458,600.3545787978048,11.361336120335636,1.0152683852602422,dev,1,C
458,600.3589952963358,10.45586340819034,8.7732567326251,dev,1,C
283,600.5411085117864,13.076792567525331,1.0161842988487706,dev,1,C
169,600.7291783209108,10.451970407608883,4.7057742561216855,dev,1,C
169,600.7702599732346,3.747640462949903,1.0193139125703965,dev,1,C
598,600.904841585371,2.9048415853709457,1.169498794140054,prod,3,A
593,601.2693996121319,8.269399612131906,1.0200728926951115,prod,3,D
980,601.3522344257862,19.703836188556807,7.1952710369009765,prod,1,C
169,601.4834260310366,18.43834855151613,1.013088103943005,dev,1,C
458,601.5985338462232,16.664697990524132,5.368894077595769,dev,1,C
458,601.7874482673852,24.022614833787998,11.424861324221865,dev,1,C
458,601.8768682260749,12.697252093859788,1.0190525911579016,dev,1,C
169,601.9126124100745,17.326966480848228,5.701632799860931,dev,1,C
169,601.9476306818403,4.35601126931374,3.1887087844386315,dev,1,C
641,602.0898185980278,1.7352398002229847,1.0141226535521355,dev,1,C
458,602.3531849708672,8.378512135394885,1.0152314317965647,dev,1,C
283,602.43700609127,10.700552670767593,1.0100296939779128,dev,1,C
283,602.4892059037244,13.790249996223793,1.017697770961945,dev,1,C
169,603.0284126585336,1.1158002484590952,1.0174665251375927,dev,1,C
641,603.1596960940622,6.5698121262510085,1.0102226411971742,dev,1,C
169,603.1664659327221,13.109076007871408,11.865281656664592,dev,1,C
169,603.5008334953409,6.478213985056186,1.016099410103152,dev,1,C
283,603.7972430000788,14.668854367464633,3.963097591183555,dev,1,C
169,603.8434457837775,8.508567957325909,1.0142138884790484,dev,1,C
641,604.5252537314841,7.935369763672952,1.0200839349574835,dev,1,C
458,604.6264631695095,16.196481760324104,13.367531827839343,dev,1,C
283,604.7210151385281,28.091710785354962,8.851798402287613,dev,1,C
169,604.8506044666398,19.728586474330427,1.0131126918571454,dev,1,C
283,605.4350349031413,17.605975720925585,3.7198185243953503,dev,1,C
641,605.4430432326146,5.084047936278807,1.0195654314937883,dev,1,C
283,605.6313638150996,1.8341208150208104,1.014669511985744,dev,1,C
169,605.7327572572034,1.8893114734258916,1.0152300835218284,dev,1,C
553,605.8892573887322,52.889257388732176,1.1409323540613059,prod,3,A
641,606.1319720198582,5.7729767235223335,1.0100911746046677,dev,1,C
169,606.1798648065693,10.64632048137264,1.0113218528822472,dev,1,C
283,606.2245783877848,17.525622480284255,1.0163375254235234,dev,1,C
169,606.237347549078,11.26443521921226,9.887757030113448,dev,1,C
641,606.2889536666621,7.622621478593942,1.0123809674447557,dev,1,C
584,606.4643245447962,22.464324544796227,1.2770037863051584,prod,3,B
283,606.5191170406798,4.029911136955434,1.0152244828856283,dev,1,C
106,606.6366685962702,40.87401511217263,20.470590778912083,prod,1,A
169,606.7815800441001,12.911920644730912,6.477377001369177,dev,1,C
587,606.8094384317836,19.809438431783633,1.2305614145577692,prod,3,B
297,606.8196218531898,83.02738177716174,7.51875016913425,prod,1,A
169,606.8572050400413,6.128026719130503,1.0155077138673505,dev,1,C
283,606.8992145910121,15.360376914815788,1.0153169626561294,dev,1,C
283,606.9152233558798,7.504391654462665,1.015230958078405,dev,1,C
169,606.939037982264,6.209859661353221,1.0108580308273076,dev,1,C
458,607.0638079106025,16.209578144801526,7.1755405676422015,dev,1,C
169,607.0886758083618,7.022584180672197,1.0192773490014133,dev,1,C
169,607.266818503478,3.765985008137136,1.0126286299395133,dev,1,C
283,607.4999994209032,15.961161744706942,1.0143041548660676,dev,1,C
283,607.5270803288126,22.05600942526621,2.8279521948968522,dev,1,C
169,607.6561658286755,5.743553418600982,1.0143630655772995,dev,1,C
458,607.6951369882904,12.901794138749551,5.571306959294702,dev,1,C
283,607.7689953552211,15.508981085473124,1.010092180707943,dev,1,C
586,607.7765875191594,21.77658751915942,1.1376834705255305,prod,3,A
283,607.9604573721456,20.49614142788448,3.651708639497997,dev,1,C
641,608.1227666319992,2.6797233993845566,1.6308257314997263,dev,1,C
106,608.2010754571475,42.43842197304991,1.0852777272481262,prod,1,A
283,608.4735990296489,16.180806707779425,1.015431705529295,dev,1,C
169,609.0503969309862,11.458777518459556,1.014358299351784,dev,1,C
283,609.0849830375346,1.584983616631348,1.0168332152178436,dev,1,C
458,609.1811354160247,15.206462580552397,1.0143789345667074,dev,1,C
641,609.3538926496424,7.566444382257146,1.0116876655184797,dev,1,C
127,609.4067580200127,25.645690570578154,1.1229025926953682,prod,1,A
608,609.5186723804849,1.5186723804848725,1.0169736372488387,prod,3,C
297,609.594347812372,72.25214550530916,69.62283824586837,prod,1,A
283,609.7708773694867,9.980452242444017,5.654642366594544,dev,1,C
458,609.7760276008192,14.982684751278384,1.0200555569344942,dev,1,C
283,609.9026702096539,2.3755898808412894,1.5679343080537365,dev,1,C
283,610.2508216236231,4.026243235838251,1.012450896884161,dev,1,C
127,610.2536142295861,45.51432586993974,4.970701139180619,prod,1,A
641,610.3983060275438,12.378611911677126,2.349377072636571,dev,1,C
609,610.6534988260378,1.6534988260377759,1.0206601931774912,prod,3,C
641,610.9290045925059,9.052136366431,2.7596386514302367,dev,1,C
641,611.037374443033,9.249926175647715,1.0143700006997278,dev,1,C
169,611.1066151245451,6.256010657905335,1.0124058360893287,dev,1,C
169,611.1333242532993,15.803380946912512,4.091510457413506,dev,1,C
283,611.1576810656485,8.668475161924107,1.0120023200066726,dev,1,C
283,611.2902744161265,4.391059825114439,1.0175389041016842,dev,1,C
283,611.3114858538426,3.7844055250299107,1.0100511249609099,dev,1,C
283,611.4963876042362,4.581164248356458,1.0201856026460518,dev,1,C
169,611.5764359406,3.9202701119245376,1.0139474215121709,dev,1,C
169,611.630736274488,11.564644646798342,1.0100653837965865,dev,1,C
641,611.6914704765488,12.764152499418856,10.263849016362656,dev,1,C
169,611.9173126044576,9.96968192261727,1.011240920779528,dev,1,C
641,612.1846088794249,4.489471891134485,1.016756139998165,dev,1,C
169,612.355086956041,21.87565467764682,4.86549521225038,dev,1,C
169,612.3924665645327,8.5490207807552,1.0100355928968838,dev,1,C
641,612.4568734893728,4.3341068573736266,1.013498508512157,dev,1,C
283,612.5190972294318,7.084062326290564,1.010063076350093,dev,1,C
283,612.6502100153076,4.689752643162024,1.018610228175021,dev,1,C
641,612.773727993213,13.846410016083041,7.37166871730642,dev,1,C
641,612.8602550515012,3.506362401858837,1.015230440632422,dev,1,C
283,613.0001634109983,10.563157319728361,1.0146697571151435,dev,1,C
283,613.0050260047383,5.236030649517147,1.01858048527356,dev,1,C
283,613.1476973696725,9.350454369593763,1.0174153302882587,dev,1,C
641,613.2985661231467,3.522538522327409,1.0204805437271034,dev,1,C
283,613.6720232242058,11.235017132935809,1.0100297138542373,dev,1,C
169,613.8628364119447,6.206670583269215,1.0100288591738718,dev,1,C
169,613.9016150909301,13.564637856330705,11.303820282114543,dev,1,C
641,614.0823738635489,9.455910694039403,1.0100620705401298,dev,1,C
283,614.4306104399735,8.206032052188675,1.3125763363133274,dev,1,C
560,614.6319193604204,54.6319193604204,1.3250633350859289,prod,3,B
641,614.691841088902,16.67214697303541,1.0160111086269126,dev,1,C
283,614.7913426955513,1.1193194713455341,1.0100588164490318,dev,1,C
283,614.8421047478506,7.073109392629476,1.0100623663665829,dev,1,C
612,614.91889440864,2.9188944086399715,1.0100438182992093,prod,3,D
641,615.0038215036165,14.649242705811616,2.0086382315364517,dev,1,C
641,615.0894618798008,16.423129691732584,1.0200523174509044,dev,1,C
169,615.2051961684646,11.704362673123683,1.0195653470539128,dev,1,C
283,615.6025286660063,30.327532068333767,9.50329894527431,dev,1,C
283,615.7798930820488,10.344858178907543,1.014890836982545,dev,1,C
641,615.7897090547868,13.912840828711978,1.0100623433572764,dev,1,C
283,616.0205868295664,16.60975512814923,1.0200652074645404,dev,1,C
169,616.1543928521734,15.384132878938772,6.021388673868842,dev,1,C
641,616.2904696036394,7.10933418761465,1.0134727011791256,dev,1,C
641,616.307997714322,6.954105064679652,5.347980510730963,dev,1,C
169,616.5601387764889,4.167672211956187,1.0100392854474194,dev,1,C
169,616.9491292492378,5.8158049959384925,1.0201280578228307,dev,1,C
610,617.0147157826918,7.014715782691837,1.0100289510255607,prod,2,D
723,617.1793406931871,38.99681471444751,6.901786252558736,dev,1,A
283,617.2121729282297,9.25171555608415,1.0143760459742452,dev,1,C
283,617.2267785310132,10.327563940001141,6.111007335307022,dev,1,C
169,617.2484708338364,4.856004269303753,1.0100292169470322,dev,1,C
641,617.3245155869544,7.548487986135115,1.0147295966024785,dev,1,C
169,617.3751646959001,19.497395952174884,5.633112984008449,dev,1,C
641,617.6829203439208,2.679098840304391,1.3142396071630174,dev,1,C
283,617.7785099759386,5.128299960631011,1.0100365908834874,dev,1,C
283,617.8877562692604,5.237546253952814,1.0100460959109796,dev,1,C
641,618.0628036143866,13.436340444877032,1.0143490140770837,dev,1,C
283,618.2265707898383,9.752971760189439,1.0138843482029642,dev,1,C
283,618.5424644282804,5.542301017282057,1.0197827079368835,dev,1,C
641,618.8040056940276,9.622870278002893,3.013514811157279,dev,1,C
169,618.9467581476957,7.813433894396439,1.0174211598342708,dev,1,C
169,619.5217030657537,14.671098599113975,1.3968118806869825,dev,1,C
633,619.5458761958621,50.44185304992459,1.1764259794960026,dev,0,A
641,619.7011205280168,4.6972990244003086,1.0152311694296259,dev,1,C
641,619.7929357786007,20.157033818179116,2.2509990506849817,dev,1,C
283,619.9301281511813,7.411030921749443,1.0101552953011605,dev,1,C
641,619.9402832702896,2.615767683335207,1.0205761716744064,dev,1,C
289,619.9736889626994,4.37116029669312,1.0168877345022338,dev,0,C
169,620.0422716666607,8.465835726060618,4.5879939779678125,dev,1,C
283,620.268691431792,5.426586683941423,1.013377631014805,dev,1,C
283,620.2742793131148,5.843668873141269,2.8062360432247715,dev,1,C
618,620.317283609826,2.3172836098259495,1.1603884156720596,prod,3,A
641,620.4647966322974,15.02175339968278,1.0154420622706084,dev,1,C
641,620.4694657644015,1.6654600703739106,1.0208250453197252,dev,1,C
169,620.6680464509568,1.1463433852030676,1.0152311767175206,dev,1,C
283,620.8154718793216,13.315472458418412,1.01359309070574,dev,1,C
641,620.9388735213133,21.302971560891706,10.150157327644024,dev,1,C
169,621.0096263488742,20.672649114274805,1.0175184054633064,dev,1,C
591,621.2184127839108,30.21841278391082,1.2292187542568627,prod,3,B
283,621.3159669230748,21.525541796032144,4.940668376762119,dev,1,C
641,621.4589996852478,7.3766258216988945,3.990461845751497,dev,1,C
758,621.5399291040841,1.6098009529027877,1.020682504559204,dev,1,C
169,621.5849452472133,1.5426735805526732,1.018224746610258,dev,1,C
611,621.6079041946663,10.607904194666276,1.010031844357286,prod,3,D
615,621.7975953888384,6.797595388838431,1.0195152803306655,prod,3,C
641,621.862388708334,4.1794683644131965,3.786131738956442,dev,1,C
641,621.9270656411295,13.804299009130318,2.816273654669544,dev,1,C
641,621.9716797159582,7.889305852409279,1.0177119407604778,dev,1,C
641,622.396024141382,1.45715062006866,1.0201099251166852,dev,1,C
641,622.5759960394007,2.1111994071032996,1.0186024813082213,dev,1,C
641,622.7131831134157,6.923474058628813,1.0133928660936817,dev,1,C
758,622.8246410219757,2.894512870794415,1.0152416355368814,dev,1,C
758,622.9930894147994,2.7243979830074068,1.0199403793591273,dev,1,C
641,623.0197111987045,8.327870109802461,4.1222196060278975,dev,1,C
758,623.0618105228506,7.041223693284223,1.0100355429975707,dev,1,C
169,623.1423606435626,11.22504803910499,1.0100485216879633,dev,1,C
169,623.515852369553,4.569094221857313,1.0190317341592845,dev,1,C
641,623.5278577797303,3.8267372517135527,1.0187507866469332,dev,1,C
169,623.8267545263633,3.15870807540648,1.018102636329445,dev,1,C
283,624.0182244856428,11.01319848090452,1.847127170750582,dev,1,C
614,624.3312154080443,10.331215408044272,1.1809329353726525,prod,3,A
617,624.3585640052203,7.358564005220273,1.0100272103790076,prod,3,D
641,624.4504198758499,9.75857878694785,1.0195470437859058,dev,1,C
613,624.8002524601492,11.800252460149181,1.0120429718392643,prod,3,D
758,624.8123230530416,9.03242997099278,2.456709834150047,dev,1,C
641,625.1588317809322,8.868362177292852,1.0143349097451164,dev,1,C
169,625.2967932014825,18.02997469800448,1.020807196147416,dev,1,C
169,625.2978678063357,6.3511096586399844,1.0100680462347782,dev,1,C
283,625.3157621675856,12.168064797913075,4.750129194718511,dev,1,C
758,625.3249377746058,5.35124881190643,1.352326453095543,dev,1,C
169,625.339455307727,13.70871903323905,2.2809467686272455,dev,1,C
169,625.3764912286774,18.109672725199403,4.660558018091592,dev,1,C
641,625.5041686955792,5.711232916978474,1.1559697501708115,dev,1,C
283,625.8002174413793,12.128194217173586,1.0199192760858296,dev,1,C
169,625.8342768906765,14.203540616188548,1.0184715982760508,dev,1,C
622,625.8726928854566,3.8726928854565585,1.0100637271683581,prod,3,C
641,626.070123189761,18.37498620147062,1.0152707932877547,dev,1,C
169,626.4999147597682,5.8318683088114085,1.0143438376755967,dev,1,C
283,626.507474826382,19.59225147050222,6.766865152156242,dev,1,C
283,626.7163467004651,21.995331561937064,1.0181618200263074,dev,1,C
583,626.8641853834285,43.86418538342855,1.1198246119472515,prod,3,A
758,627.2159343378373,1.4157168964579796,1.0114542536274485,dev,1,C
169,627.2208468641246,6.211220515250375,1.0104362453214435,dev,1,C
641,627.4277673301447,4.408056131440162,1.0100497641591346,dev,1,C
758,627.5621916855124,2.2464295179267992,1.0126935773162131,dev,1,C
641,627.6120393994859,11.304041685163838,1.014364056263389,dev,1,C
758,627.8151889084642,6.999717029142516,4.519511085289878,dev,1,C
169,627.9313918865051,10.556227190605,8.011359123273223,dev,1,C
641,628.2688983566692,13.179436476868432,2.24510916362874,dev,1,C
758,628.301673706199,2.9767359315932254,1.0100441434562981,dev,1,C
169,628.3112369826534,15.956150026612477,1.010211705157758,dev,1,C
283,628.311237107961,15.311073696962694,1.0197800365008334,dev,1,C
127,628.4675885535894,44.70652110415483,1.15768063059204,prod,1,A
169,628.5140366214231,26.56640593958275,9.195758529880209,dev,1,C
641,628.660926416995,5.9477433035793865,1.0100305031650123,dev,1,C
641,628.6660833579222,5.13822557819185,1.0191197227567272,dev,1,C
641,628.780633568821,2.710510379059997,2.20880683183168,dev,1,C
169,628.8588882304541,8.816616563793445,1.017194402816017,dev,1,C
169,628.8796497309294,3.581781924593656,1.0141678417505773,dev,1,C
641,629.1465707506219,6.570574711221184,1.010054556547857,dev,1,C
624,629.2447909512368,5.244790951236837,1.0190700764774192,prod,3,C
641,629.3659904086826,8.896524644281044,1.40296954927976,dev,1,C
169,629.7519788053436,4.412523497616576,3.5502606181781857,dev,1,C
758,629.9159325879906,9.641653274875807,1.0100615380524687,dev,1,C
641,629.9542073090724,1.2881239511502827,1.0149735168052985,dev,1,C
283,629.9933668906275,17.47426966119565,1.0196150337829977,dev,1,C
169,630.1444515082476,1.6304148868244965,1.019422798761525,dev,1,C
641,630.226504969878,1.0799342192560744,1.0143781150133009,dev,1,C
283,630.2543525860792,15.412247838228609,13.479200820502228,dev,1,C
641,630.4004307268148,1.0344403181321695,1.0125882833846163,dev,1,C
621,630.481892494686,9.481892494686008,1.0100275150836069,prod,3,D
758,630.6603857742717,14.639798944705376,1.2016249215142807,dev,1,C
169,630.6914622808899,13.316297584989798,1.0153129604095739,dev,1,C
283,630.8736191747427,26.152604036214598,10.891545598949506,dev,1,C
169,631.0698704884846,2.1902207575552666,1.0102108811848893,dev,1,C
758,631.1266209906379,10.8523416775231,1.0206907542797126,dev,1,C
169,631.4016534101869,6.103785603851179,1.01315520419314,dev,1,C
641,631.5824588500917,7.132038974241823,4.225718352810986,dev,1,C
641,631.7779234256762,2.6313526750543588,1.0151959460241642,dev,1,C
758,631.8599959087877,1.8666290181602108,1.0143996630038146,dev,1,C
723,631.9227190023239,46.96777854249444,1.168323019798322,dev,1,A
169,632.3420613101044,10.7571160628911,1.01198464894253,dev,1,C
641,632.4556547470401,10.528589105910555,2.533393826021097,dev,1,C
641,632.482825130162,7.323993349229795,1.0196813245470366,dev,1,C
169,632.7892044951906,20.43411753914961,1.019371139774762,dev,1,C
630,632.8330907292379,2.833090729237938,1.0100311766652794,prod,3,D
641,633.1615594040015,4.495476046079375,1.0100765038371264,dev,1,C
169,633.2047598721773,6.704845112409089,1.0150733337084148,dev,1,C
283,633.3585011233462,18.927890683372652,1.600044211614204,dev,1,C
758,633.5059377270189,13.237246295226896,2.5660137676229624,dev,1,C
641,633.5078654772901,15.445061862903572,3.9189313628012314,dev,1,C
641,633.6118184255386,8.452986644606312,1.0158491565049417,dev,1,C
627,633.8116466538422,6.811646653842217,1.0100277247727263,prod,3,D
758,633.8362363163563,18.05634323430752,10.737646950633916,dev,1,C
758,633.8891160005608,3.2287302262890307,1.0116523485570497,dev,1,C
169,633.9687193777518,5.109831147297655,1.0152313079011037,dev,1,C
169,634.1216829473631,3.977231439115485,1.0180447407938118,dev,1,C
758,634.1250054163049,13.309533536983281,2.187672796707375,dev,1,C
631,634.3078824904877,3.3078824904877138,1.0134289463180721,prod,3,C
169,634.3548613806686,13.345235031794346,4.834724481514968,dev,1,C
169,634.3946909837214,14.872987917967635,1.0113465607518037,dev,1,C
169,634.421474787357,22.845038846757006,3.638814382703117,dev,1,C
169,634.428136368535,3.3582658800503395,1.0100469242250938,dev,1,C
641,634.5788424303645,1.4172830263629521,1.013022163818846,dev,1,C
758,634.6889714622764,19.08644279627015,14.40090005850027,dev,1,C
758,634.6976412862219,9.381879118636334,1.015230316736961,dev,1,C
758,634.7645957790315,4.510243192952316,1.6157063937567955,dev,1,C
625,634.9691341018732,9.969134101873237,1.0124805034500923,prod,3,C
641,635.2442554214219,12.848231280039954,1.0161568234717606,dev,1,C
758,635.5162031015279,1.2083206110402216,1.011653164397103,dev,1,C
758,635.6954866969603,5.035100922688571,1.0152310296366522,dev,1,C
641,636.0494504764799,3.5937957294398757,1.0152556292230202,dev,1,C
641,636.0998101739763,8.4877707744904,1.0161089653877298,dev,1,C
641,636.1187191114748,2.506900685936216,1.0100297138542373,dev,1,C
758,636.1754094724549,7.864172364493925,1.0143999114980033,dev,1,C
758,636.5314285251765,10.658735639719907,1.014633364146789,dev,1,C
641,636.5564515750224,21.466989695221628,4.621691194984123,dev,1,C
758,636.6648807405811,5.791261565838454,3.825420500046107,dev,1,C
758,636.7282461949338,8.417009086972826,1.0100312017556234,dev,1,C
641,636.947805214412,15.48880552916421,1.0126433994657873,dev,1,C
758,636.9996838092989,2.6918013188111445,1.010071655317688,dev,1,C
641,637.5935491502162,10.165781820071516,5.065095085968892,dev,1,C
601,637.742959985845,36.742959985845005,1.0895535478279044,prod,3,A
758,637.8964259855728,4.007309985012057,1.0144622857648073,dev,1,C
641,637.9402243618388,10.328184962352907,1.0100453267621106,dev,1,C
641,637.9590234181842,15.987343702225985,3.5425551095149785,dev,1,C
641,638.144271693451,18.203988423161377,3.5976287293611904,dev,1,C
169,638.1463551810482,9.632318559625105,5.917472652532979,dev,1,C
632,638.4908562734983,6.4908562734982524,1.01779557945963,prod,3,C
641,638.5284739120189,2.4286637380425873,1.01002991924247,dev,1,C
169,638.5685720184998,6.226510708395381,1.0148037892021193,dev,1,C
169,638.6179620788675,17.03301683165421,1.01809533328435,dev,1,C
641,638.843600562704,8.88939325363151,1.0135032679709184,dev,1,C
169,638.8742106198654,13.497719391187957,1.0101202069351984,dev,1,C
758,638.8994567397677,4.21048527749133,1.010029872864493,dev,1,C
169,639.5510657998811,8.859603518991207,1.0164398029480708,dev,1,C
641,639.5637600150092,7.108105267969108,5.698649026748853,dev,1,C
169,639.6668597467524,9.522408238504795,1.0119337449297063,dev,1,C
758,639.6791453274601,14.866822274418496,3.0129238500887823,dev,1,C
641,640.1345984659675,4.015879354492768,1.012118774164378,dev,1,C
641,640.4845627165905,12.215664359921334,3.3236010178407014,dev,1,C
641,640.6988329860602,11.332842577377619,3.8056342140674815,dev,1,C
127,640.7401689006483,71.13787126244358,18.5945878638762,prod,1,A
106,640.821566477841,88.07322761028672,1.1489089675131936,prod,1,A
169,641.1016718616072,7.896911989429896,5.373890381435558,dev,1,C
641,641.5637599106785,16.059591215099317,12.46491566900454,dev,1,C
758,641.5946778925313,16.269740117925494,1.0196521312542473,dev,1,C
758,641.7457968236134,15.873103938156873,1.3532738096616868,dev,1,C
758,641.790488086578,10.916868911835309,5.3118219990757325,dev,1,C
169,641.9014874087285,10.831616920243846,1.0208924220223707,dev,1,C
758,642.0180655523621,8.181829236005797,1.0152435443891363,dev,1,C
641,642.0913062600968,5.991496086120492,1.0100625438625457,dev,1,C
169,642.1419386042277,10.74028519404078,1.016095761568863,dev,1,C
169,642.2603488674274,15.760434107659194,1.0120001039215367,dev,1,C
758,642.4954947505927,7.797853464370746,1.012772472968436,dev,1,C
169,642.5148090551234,13.635159324193978,5.485244364130722,dev,1,C
758,642.8240598211568,17.02384237977742,1.0190116064701442,dev,1,C
758,642.8305419197316,22.856852957032174,6.75269040842943,dev,1,C
758,642.8903706367282,8.201399174451808,1.0120797424912098,dev,1,C
641,643.0561020127022,6.9373829012274655,1.0163685693720481,dev,1,C
169,643.254840438061,14.39595220760691,1.0124128434484874,dev,1,C
169,643.3135261745116,17.974070866784587,1.0185900769508862,dev,1,C
723,643.3661211476723,58.41118068784283,10.927294359671691,dev,1,A
641,643.6009224811861,21.738533772852065,7.513653121750622,dev,1,C
641,643.8477165199045,10.339851042614328,1.0208515840488417,dev,1,C
169,644.4878775543838,4.821017807631392,1.0196234546504002,dev,1,C
758,644.5729847221343,13.446363731496376,1.0143399286507702,dev,1,C
169,644.6404391152016,1.326912940690022,1.0100570414901995,dev,1,C
758,644.7143383099811,10.016697023759207,1.0144852929485069,dev,1,C
169,644.8147959102542,2.554447042826837,2.2375925389866325,dev,1,C
169,644.8498572186093,5.182997471856879,1.0201848524390016,dev,1,C
758,645.0073666439961,20.19504359095447,1.019798656619173,dev,1,C
169,645.1261272074616,19.291850316785144,1.0143774986026983,dev,1,C
758,645.1666423228797,14.912289736800517,1.0152534815229046,dev,1,C
641,645.3026274425719,8.354822228159833,1.0125182961934343,dev,1,C
169,645.3894291474928,3.247490543265144,1.0203687626903957,dev,1,C
297,645.4556895649309,114.27873533529612,75.7880863232964,prod,1,A
641,645.5144559218073,9.465005445327392,1.0100301710087933,dev,1,C
758,645.8921386531435,11.12754287411201,1.0209460092031577,dev,1,C
413,645.9516019553582,1.1017447367489694,1.014336982685336,dev,0,C
169,646.0651920337023,1.5773144793184883,1.0100531365808365,dev,1,C
641,646.1475823059035,12.986022901901947,1.0119415994347492,dev,1,C
472,646.2566427180274,1.130515510565715,1.0103298487282473,dev,0,C
635,646.4543946723363,11.45439467233632,1.010045153682995,prod,3,D
641,646.5901589578066,12.978340532268021,1.0143394308785219,dev,1,C
641,646.593766836987,1.0793109151796898,1.0137550996320215,dev,1,C
641,646.7386659650531,13.230800487762963,3.058638039788889,dev,1,C
758,646.7456108278019,12.620605411496967,1.0180641910702661,dev,1,C
758,646.8018963884974,2.2289116663631603,1.01701087238132,dev,1,C
758,646.9440913500702,4.113549430338594,1.0105604961793233,dev,1,C
758,646.9681604973208,13.131924180964461,1.0149175529428476,dev,1,C
642,647.0549319367132,5.05493193671316,1.0120447713231897,prod,2,D
641,647.2435462143604,11.999290792938496,1.018594975840415,dev,1,C
758,647.281762131409,2.5674238214278375,1.0168130912370543,dev,1,C
641,647.3212665126605,19.893499182515825,1.0141597000886122,dev,1,C
641,647.8492971694731,17.895089860400617,1.015190830942629,dev,1,C
169,648.0007472998311,5.485938244707768,1.018098617112173,dev,1,C
169,648.047647076578,14.842887204400654,1.0140236081650755,dev,1,C
645,648.1011838640981,3.1011838640980613,1.010027318499965,prod,3,D
640,648.2057515697442,8.205751569744166,1.0100282769426485,prod,2,D
758,648.2760340909671,14.151028674662143,7.630835719086008,dev,1,C
106,648.3741914380199,62.22844142434417,20.635594904880577,prod,1,A
641,648.4384840472534,2.2909017413498987,1.0134567169316142,dev,1,C
169,648.495093621815,4.007216067431273,1.01437120817684,dev,1,C
169,648.6371318476745,6.735644438945997,1.0130436438280412,dev,1,C
641,648.7844288390011,3.2699729171937406,1.010043610968637,dev,1,C
758,648.8162703364493,1.8481098391284831,1.0177325187196402,dev,1,C
758,648.8448033660223,2.042906977524922,1.016730473486291,dev,1,C
641,648.9404263987882,16.45760126862615,3.5766810631203043,dev,1,C
268,649.0519777286421,4.237181818387853,1.0175138334201392,dev,0,C
641,649.2898140588467,1.4405168893736118,1.014405964831667,dev,1,C
758,649.5308657159308,6.6404950792025375,1.0144756738854994,dev,1,C
169,649.5917696411173,19.83979083577367,1.659729085091044,dev,1,C
169,649.7926141491344,19.101151868244415,1.0103308003619986,dev,1,C
758,649.8887802260454,16.382842499026424,1.0207944205787953,dev,1,C
641,649.8943362032244,17.411511073062343,4.475049533317019,dev,1,C
169,649.8976099363383,18.495956526151417,1.0160091535256015,dev,1,C
641,649.971022670407,3.3772558334200085,1.0172360806791403,dev,1,C
641,649.979925543624,13.42347396860157,1.0114635723593892,dev,1,C
169,650.0966334476753,15.741772067006764,1.014332311989392,dev,1,C
758,650.210077008639,20.21671011801152,1.0104824380506443,dev,1,C
641,650.3590696832848,5.056442240712954,3.6478587080916896,dev,1,C
758,650.4058694237593,7.515498787031106,4.063753194518313,dev,1,C
462,650.5086044185184,5.658747199909158,1.0160523067967233,dev,0,C
169,650.7970004887734,16.44213910810481,3.801561882728265,dev,1,C
641,650.9299439976512,2.1455151586501415,1.0100705311771208,dev,1,C
641,651.2814371281163,4.691278170309715,1.0100708270035739,dev,1,C
641,651.431304033405,6.128676590833152,1.018878968194258,dev,1,C
169,651.5796291288867,21.82765032354314,4.652748586101097,dev,1,C
758,651.6239213491865,20.497300358548614,4.578907602972208,dev,1,C
641,651.6688974256843,4.425351211323914,1.0164337906982155,dev,1,C
758,651.7052089145885,4.959598086786627,3.4745163006027724,dev,1,C
758,651.8153879425697,17.050792163538176,1.9737147235052817,dev,1,C
641,651.9120487978522,5.321889840045628,1.0179514258425115,dev,1,C
758,652.0561687923098,5.112077442239638,1.0157046086743549,dev,1,C
758,652.1326509139263,18.24353491336558,13.089083083616856,dev,1,C
648,652.1414071265848,4.141407126584795,1.010034248048214,prod,3,D
629,652.1875415807671,23.18754158076706,1.1708600309700614,prod,3,A
235,652.5206713864123,7.7058754761580985,1.020949758598249,dev,0,C
641,652.7038070139969,16.1473554389745,1.014789716032169,dev,1,C
641,652.7836822479678,2.8893460447434336,1.01006278052364,dev,1,C
758,652.7849778630608,19.279040136041885,11.511489271723804,dev,1,C
641,652.9157690078629,9.068052487958425,1.0173053984563012,dev,1,C
641,652.916395087614,17.672139666192038,1.015237616348486,dev,1,C
647,652.9530468906986,5.953046890698602,1.0100273873042624,prod,3,D
169,653.4446006631204,8.804161547918739,1.0138899894253655,dev,1,C
652,653.5922911587476,1.592291158747571,1.013212237936159,prod,3,C
641,653.9843478193388,7.390580982351821,1.0115308217701795,dev,1,C
641,654.0355190325567,17.986068556076816,10.699286493072577,dev,1,C
530,654.2032780619776,9.077150854515935,1.0146706230440259,dev,1,C
641,654.2633724341925,6.942105921532061,3.970229195858451,dev,1,C
530,654.2973897827526,8.232197749050329,1.0100684603918353,dev,1,C
758,654.4204282475773,7.618531859079894,1.0100640229948112,dev,1,C
169,654.671435370075,22.32937405997052,9.56948572033582,dev,1,C
758,654.6761322104645,8.783993557320969,3.648765391634811,dev,1,C
758,654.7191393769681,9.552497054088349,1.01007141865648,dev,1,C
758,654.7324165159857,7.450654384576751,1.015230151408332,dev,1,C
530,654.8346933716513,3.255064242764547,1.0152306811354492,dev,1,C
169,654.8606136786548,13.758941817047571,2.2218998322457537,dev,1,C
682,655.3031176267707,2.3867225391567217,1.0100382874608158,dev,1,C
723,655.4476635582724,23.524944555948537,1.1760518749031235,dev,1,A
641,655.47669753085,11.628981010945495,6.056687611224106,dev,1,C
682,655.5736150419402,2.6578460340773518,1.3576499665950905,dev,1,C
682,655.7207231974113,2.8049541895484253,1.0786434444880797,dev,1,C
530,655.7278037428181,10.338374595325263,1.019315323015121,dev,1,C
758,655.7920129795925,1.0728736026244405,1.0182435157554437,dev,1,C
758,655.9273404696897,7.082537103667391,1.0194756366802267,dev,1,C
169,655.96494690194,12.710106463879015,1.020139845120866,dev,1,C
530,656.1035382988658,10.714109151373009,1.0126994544671106,dev,1,C
641,656.1194593075962,19.171654093184202,1.013402686927975,dev,1,C
641,656.2728832332779,9.53421726822478,1.013652009906309,dev,1,C
758,656.5292803573162,6.319203348677206,1.0100407325280685,dev,1,C
758,656.5292803573162,6.123410933556897,1.0209608199921831,dev,1,C
758,656.7184221235213,12.004083813540205,2.0413189930043245,dev,1,C
169,656.9791718546572,14.837233250429563,2.9942611111466704,dev,1,C
641,656.996937869541,8.056511470752753,1.0100689928794964,dev,1,C
682,657.160541075514,4.244145987899969,1.0100306029636386,dev,1,C
530,657.1829063238006,2.9796282618229952,1.0129451345388816,dev,1,C
650,657.2421486878743,7.242148687874305,1.0152194872497375,prod,3,C
758,657.440527503695,7.9096617877642075,1.0161853570349422,dev,1,C
655,657.5174302907918,2.517430290791822,1.0205659105812401,prod,3,C
530,657.6231378200356,3.41985975805801,1.0170022664020735,dev,1,C
682,657.7451304635051,1.6256711559088899,1.0147071308346085,dev,1,C
530,657.9937476285752,11.928555594872932,8.148145259496118,dev,1,C
641,658.1529114317667,9.368482592765645,5.261143270971274,dev,1,C
758,658.1623319676031,13.15496532360703,1.8045767403394848,dev,1,C
758,658.2791046878712,1.5606825643498041,1.014384101452265,dev,1,C
641,658.5014704095249,9.561044010736737,6.546341130751216,dev,1,C
682,658.7822419011273,2.509358667849483,1.013356521393348,dev,1,C
758,658.8136404171415,15.98309849740997,7.068304873416196,dev,1,C
758,658.9020156434295,11.957924293359383,1.012676862488206,dev,1,C
106,658.9121941037951,50.711118646647606,32.82942708153371,prod,1,A
758,658.9238676781771,1.483340174482123,1.0135234001585331,dev,1,C
758,658.952980481849,1.5124529781539877,1.0207821963330161,dev,1,C
530,658.9693226049983,4.297887234923337,1.0100469242250938,dev,1,C
169,659.0965778889396,17.195090480211093,7.70033956970542,dev,1,C
649,659.1943448883297,10.194344888329738,1.014717068650043,prod,3,D
530,659.2838924608533,4.986502678100692,1.0203583714111346,dev,1,C
758,659.3254180104599,1.1630860428567757,1.0109751138392085,dev,1,C
530,659.416682589634,4.581989217982709,1.0100673391769988,dev,1,C
641,659.5497490174891,10.259934958642475,1.0173442058944602,dev,1,C
651,659.5887969537827,9.608871410158713,1.0100578698043137,dev,0,C
682,659.7343356673747,1.9892052038695738,1.0167939399119632,dev,1,C
641,659.7561120841348,11.317628036881388,3.4836390808025044,dev,1,C
530,659.9494965526056,8.369867423718915,1.0192989533913988,dev,1,C
758,660.0351796178362,2.5177493270443847,1.0208915387050865,dev,1,C
758,660.2541335770801,10.723267861149338,1.0117431255458769,dev,1,C
169,660.2631518022159,19.16147994060873,2.163221429656005,dev,1,C
682,660.2681802639642,4.547457066552852,1.0100505333080037,dev,1,C
127,660.6861778512913,19.946008950642977,1.2240836405917435,prod,1,A
682,660.7480333215278,3.7510954519868847,1.020482815420337,dev,1,C
758,661.1895189973637,2.265651319186645,1.0100490541756244,dev,1,C
758,661.2698195810757,6.537403065089961,1.0206643902375845,dev,1,C
530,661.3057404995096,6.4710471278583555,1.02071428181398,dev,1,C
682,661.3404602213234,5.61973702391208,1.0107323975580584,dev,1,C
758,661.3616074341376,4.832327076821343,1.0200339334415958,dev,1,C
530,661.5228499831152,4.543678128457941,2.314763655520437,dev,1,C
682,661.5234841531125,1.9737351356233148,1.013134996822373,dev,1,C
530,661.5245147921773,4.341608468376762,1.0100637863336033,dev,1,C
530,661.6990771249664,6.838463446311607,4.118777854755876,dev,1,C
758,661.7387659482886,11.849985722243218,1.0140208008242553,dev,1,C
682,662.0246218324163,2.268509748281531,1.0128943638027295,dev,1,C
106,662.064685096681,109.3163462291268,1.1489089675131936,prod,1,A
758,662.1206492321519,4.603218941360069,1.4455999203318015,dev,1,C
641,662.3082488892223,14.45895171974928,3.8296508315496567,dev,1,C
656,662.3536217542187,6.353621754218693,1.0125405702274293,prod,3,C
758,662.3800331402199,11.974163716460566,1.0161801611830015,dev,1,C
758,662.4869921795715,14.210958088604457,1.0158523057712046,dev,1,C
530,662.512028654004,16.560426698645756,2.1061081922680387,dev,1,C
641,662.5792560175074,13.289441958660746,1.0203717310286038,dev,1,C
682,662.7725269538347,5.611985878320752,1.0121325639507859,dev,1,C
758,662.9610973154867,12.751020306847636,4.220399080840139,dev,1,C
682,663.0233368489676,13.043411305343625,1.0147141954694234,dev,1,C
530,663.3425068551315,8.671071485056586,2.521505550103143,dev,1,C
682,663.4292846267496,9.836993468001992,1.0205750543725571,dev,1,C
758,663.4588603362799,18.885875614145675,1.0117159832473135,dev,1,C
641,663.6543312912645,15.215847244011115,1.0137261940060398,dev,1,C
758,663.6639571540138,8.931540638028082,1.0128743835492742,dev,1,C
758,663.6740262125899,5.5116942449867565,1.0119420698009662,dev,1,C
682,663.8525981468656,7.7331388392693725,2.3920600502215166,dev,1,C
682,664.0752767511855,7.078338881644527,1.015242885717953,dev,1,C
682,664.1495276330215,6.988986557507587,1.0133291944376879,dev,1,C
758,664.356543419902,16.08050932893491,6.4664393783756395,dev,1,C
682,664.4319417935087,4.1637615295445585,1.0179198225691835,dev,1,C
682,664.5837533479377,1.8112263941029596,1.0901092474321104,dev,1,C
641,665.0879556527793,15.193619449554944,1.0133898658089038,dev,1,C
530,665.3024970915043,19.35089513614605,3.956071507601223,dev,1,C
758,665.5658850081757,16.721081642153308,5.841370576424197,dev,1,C
530,665.6327474745486,9.904943731730555,1.0120045902348238,dev,1,C
758,665.7633948667393,2.304534530459364,1.0152644803508792,dev,1,C
682,665.8910912217218,9.618207988443942,6.045400307211253,dev,1,C
530,665.9420211400331,8.96284928537591,3.2940123558553296,dev,1,C
682,666.0644942364028,2.211896089537163,1.0100288856756379,dev,1,C
758,666.2525663128067,7.438925895665193,1.0153015273315305,dev,1,C
758,666.339974836724,7.437959193294432,4.772010569160329,dev,1,C
758,666.436974108838,7.534958465408408,2.377855554293774,dev,1,C
657,666.4711898145881,9.471189814588115,1.010048714706727,prod,3,D
530,666.6630741251299,9.480167801329344,1.0133264617917348,dev,1,C
682,666.7915643680494,4.48331547882708,1.0206179663751982,dev,1,C
169,666.855485795124,22.215046679922352,5.466237546465891,dev,1,C
723,666.8642272640866,60.04460541089679,38.801229944571446,dev,1,A
758,667.479313368795,4.020453032515093,1.015798254720039,dev,1,C
758,667.8171369393334,1.4771621026094408,1.1493815813954598,dev,1,C
530,667.9527990299603,6.647058530450636,1.0100637271683581,dev,1,C
682,668.0421218411099,4.189523694244258,1.0100386367561214,dev,1,C
682,668.16776097414,5.144424125172463,1.4186522007065605,dev,1,C
758,668.4203301446062,18.531549918560813,1.826488961073096,dev,1,C
682,668.532187419905,4.877856128640474,1.010028945304498,dev,1,C
530,668.5970433618667,7.072528569689325,1.0203927946668045,dev,1,C
530,668.6155312949601,10.621783666384886,1.0177831676280675,dev,1,C
682,668.6257663995383,7.877733078010465,2.285378248134407,dev,1,C
530,668.6442195707945,14.346829788041873,4.809250235892478,dev,1,C
682,668.7877772842763,10.63486585250962,5.511456322110348,dev,1,C
758,668.9251733640358,9.972192882186846,1.012824569649183,dev,1,C
556,669.0060562616047,113.00605626160473,85.03050253868116,prod,3,A
758,669.0522698059949,1.5729564371998777,1.015729551136019,dev,1,C
682,669.7289593358395,16.94527708787166,6.982491906707082,dev,1,C
682,669.771202264578,10.221453247088903,1.0125420086840222,dev,1,C
530,669.8599289511056,11.866181322530451,1.0175292224363375,dev,1,C
682,669.915042127317,6.2607108360524535,4.52346839594793,dev,1,C
530,670.1323974929305,14.028859194064694,10.761979999298433,dev,1,C
758,670.4144846600203,12.135379972149167,1.0135352704672869,dev,1,C
723,670.429073842053,27.06295269438067,12.184823905494113,dev,1,A
758,670.5175988307008,11.564618348851809,1.0100390858501669,dev,1,C
758,670.5210413608498,11.707400943708308,3.3170759211317318,dev,1,C
758,670.547255962893,6.190712542991037,1.2193746379118693,dev,1,C
682,670.677181208571,8.09792519106361,7.201991766411993,dev,1,C
758,671.1101718983089,3.293034958975454,1.010371728577411,dev,1,C
682,671.5390187288396,17.94672757009198,2.138466305705606,dev,1,C
530,671.5737690905136,16.713155411858793,2.128634979315393,dev,1,C
530,671.5853511988165,9.886274073850132,1.0152364636738866,dev,1,C
530,671.7820203776303,1.9220914265246165,1.0152311184137943,dev,1,C
758,671.798301592298,12.874433914120914,1.0196528578509287,dev,1,C
682,671.8924154100348,13.73950397826809,3.197617717969024,dev,1,C
530,671.9618159326487,10.43730114047139,1.0198818204062263,dev,1,C
682,672.3017190178236,11.553685696295815,1.841298523065234,dev,1,C
682,672.4479931044995,19.664310856531642,1.0153379716325617,dev,1,C
758,672.4926424701722,15.77422034665085,1.0157475425145321,dev,1,C
758,672.5257415584119,17.80660218144385,1.0149926581294721,dev,1,C
758,672.5622702872691,13.236852276809259,12.482953758023427,dev,1,C
758,672.8326555550145,6.395681446176582,1.0100293163284277,dev,1,C
682,672.8664567802947,9.437172153545134,1.6687470483608422,dev,1,C
530,672.9053129372139,17.17750919439584,9.584751336821114,dev,1,C
682,672.9769215191443,15.231791055639178,5.694206040219342,dev,1,C
682,673.2580765249272,1.3656611148924185,1.0160285589307705,dev,1,C
682,673.3094214779878,3.580462142148349,2.7290956682355727,dev,1,C
570,673.3704131024587,103.37041310245866,71.03050253868116,prod,3,A
682,673.6724052948698,2.9952240862987765,2.199339358057273,dev,1,C
829,673.6936174362258,1.8953158439278468,1.010308436650007,dev,1,C
530,673.766457795574,1.804641862925223,1.0179755406938966,dev,1,C
682,673.9191215329959,11.610872643773519,3.5929200469579428,dev,1,C
682,673.9628256024911,4.047783475174128,1.6340278276792333,dev,1,C
530,674.1719038321437,12.866163332634073,1.012287152777617,dev,1,C
530,674.2112310260674,11.699202372063382,1.015342646419299,dev,1,C
758,674.4360817196314,17.19393303175707,1.0469946032907274,dev,1,C
530,674.6316312845786,3.0462800857620778,1.014031904687272,dev,1,C
682,674.9280942703022,6.140316986025823,3.1146796930727305,dev,1,C
682,675.1255214997561,6.337744215479802,1.0167737544389865,dev,1,C
530,675.1322039528178,3.3501835751875433,1.01292368215843,dev,1,C
682,675.174089642496,1.2112640400049486,1.0145957272765145,dev,1,C
758,675.1808769203141,8.743902811476119,1.0100345949101666,dev,1,C
758,675.532345611282,19.003065253965815,1.0196146250883658,dev,1,C
758,675.5330207340609,18.290872046186564,1.0176501888031453,dev,1,C
829,675.6217587181901,2.7891031631755823,1.0190883486199027,dev,1,C
530,675.652586222493,1.0209549379144391,1.0100288724247548,dev,1,C
682,675.7138775822297,12.690540733262083,1.5704668139811702,dev,1,C
758,675.8124268314958,8.333113462700794,1.01438913216532,dev,1,C
682,676.0628149476427,6.2916126830646135,1.0143462915191321,dev,1,C
530,676.1552003437512,7.539669048791097,1.0176984514849892,dev,1,C
530,676.19825280304,20.094714504174135,3.323203977561775,dev,1,C
530,676.234307494063,14.535230369096666,1.019687358400006,dev,1,C
682,676.4451884642685,13.67266151043384,1.0111343732411342,dev,1,C
682,676.784627284862,5.245608556022489,1.018129771347958,dev,1,C
530,676.8916347241255,8.938835694165277,1.0183205322545064,dev,1,C
530,677.1931765652679,9.24037753530763,1.0148373022000214,dev,1,C
682,677.2771161268646,4.975397109040955,1.0101277037107366,dev,1,C
758,677.3979468680104,9.580809928677013,1.0165962568702298,dev,1,C
530,677.6149627174615,7.755033766355837,1.0145719480702837,dev,1,C
682,677.9936963933679,7.316515184796913,1.013032780169624,dev,1,C
758,678.151859864753,9.731529720146796,1.0134616370889944,dev,1,C
682,678.3806227671394,18.624510683004587,1.0134768701855137,dev,1,C
682,678.4823133167787,5.172891838790861,1.0100608872343173,dev,1,C
682,678.5592243117223,15.979968294214927,1.5803306514894757,dev,1,C
530,678.5820091937532,1.6903744696276135,1.0129613924519845,dev,1,C
758,678.7107649265635,14.354221506661474,1.0152364087846308,dev,1,C
829,678.7476034640953,5.914947909080752,1.010029356081077,dev,1,C
682,678.8699514999414,18.601771235977253,1.0134723870337439,dev,1,C
758,678.8839062525595,8.362864891709705,4.669867795603295,dev,1,C
682,678.947903552714,6.081446772419326,1.0126679433180925,dev,1,C
682,679.2034362792322,9.432234014654114,1.0100479892003023,dev,1,C
670,679.3891785745868,9.389178574586822,1.0207432032916586,prod,3,C
530,679.4230159505021,7.640995572871816,4.46235847592402,dev,1,C
674,679.5779844413087,5.577984441308672,1.010905522255598,prod,2,C
829,679.7041464134036,2.306199545393156,1.0178168885884133,dev,1,C
682,680.0665696142124,6.7571481362246,1.010037688668831,dev,1,C
682,680.1645046589877,7.86278564116401,1.0130169544745513,dev,1,C
654,680.3804786575987,26.3804786575987,1.1500051842429002,prod,3,B
530,680.575060997606,10.442663504675465,1.4514036341931842,dev,1,C
671,680.6598664657773,9.659866465777327,1.0100423093322206,prod,3,C
829,680.7732029391298,8.247461380717823,1.0162137945600307,dev,1,C
758,680.7824364213011,21.457018410841215,1.0152342681033133,dev,1,C
682,680.8256735008583,9.286654772018778,1.0165075503560956,dev,1,C
677,680.8832992008125,3.88329920081253,1.0123853442707968,prod,3,C
758,681.3251697886802,12.904839644074059,2.1107628328912824,dev,1,C
829,681.3790055651266,2.668240638563134,1.0184120151193383,dev,1,C
530,681.3901168003115,18.878088146307505,5.450847309432902,dev,1,C
530,681.6515472360811,4.036584518619634,1.0100643779866232,dev,1,C
639,682.1193517598113,43.11935175981125,1.1477190368269703,prod,2,A
127,682.1470640224528,53.679475468863416,12.349542012101892,prod,1,A
530,682.1785828807356,10.60481379022201,1.0144603115268183,dev,1,C
829,682.2263632498452,9.664092962576092,1.0115704999111585,dev,1,C
682,682.2677331240634,3.3198295713493735,1.0153148919400792,dev,1,C
758,682.4457522113457,18.78179505733192,2.1094759317945773,dev,1,C
829,682.4715121679466,9.909241880677428,8.772936073802157,dev,1,C
530,682.5222233756664,7.390019422848582,1.0100511249609099,dev,1,C
530,682.5700230974753,10.984671898658803,1.0100607097383545,dev,1,C
682,682.997450712891,19.568166086141446,1.0165933040159416,dev,1,C
530,683.0190131845103,8.387381899931711,1.0132152917993835,dev,1,C
530,683.0480384966137,12.915641003683163,6.0759240071624845,dev,1,C
682,683.3159193104581,4.112483031225906,1.6322770873731542,dev,1,C
829,683.3346622928372,3.7566778515284796,1.0142474907046335,dev,1,C
829,683.3557467546965,4.471840502136956,1.0100292699504507,dev,1,C
682,683.3577126942437,10.099636169316454,1.0100443801173924,dev,1,C
758,683.4601288528061,17.120154016082097,4.217353634081746,dev,1,C
829,683.465007409593,3.8870229682843274,1.0143364210414347,dev,1,C
758,683.6067080081332,25.32760332026203,10.151298355138579,dev,1,C
530,683.7938692337294,8.66166528091162,7.056431911283653,dev,1,C
829,683.9784427020392,11.452701143627223,1.0100302306376534,dev,1,C
682,684.1463721494733,14.231330022156385,6.157836607274135,dev,1,C
682,684.2024233212888,5.2545197685748235,1.0161178349405873,dev,1,C
829,684.7761465828447,6.624286718091753,1.0100294819642386,dev,1,C
530,684.8410212716045,2.270998174129204,1.0162518061518995,dev,1,C
682,685.0437509269402,4.218077426081891,1.016754335558403,dev,1,C
829,685.2962516765118,12.803609206339615,1.2110537218212585,dev,1,C
829,685.3172433624593,9.504816530963467,9.493890465473783,dev,1,C
829,685.3769790847143,5.6728326713107435,3.640587280955174,dev,1,C
682,685.4020190346486,1.2556468851752243,1.01527450295157,dev,1,C
530,685.5560046574178,16.911785086623354,5.537750911897888,dev,1,C
530,685.6352484431026,8.442071877834678,5.3390829436754075,dev,1,C
658,685.870585444435,27.87058544443505,1.116216771022323,prod,3,A
653,686.0454545555929,33.04545455559287,1.0752261310242375,prod,3,A
682,686.2128193713844,16.48386003554492,5.406621980873865,dev,1,C
682,686.2557470277856,12.29292142529448,1.019008815693951,dev,1,C
829,686.4805029783882,15.959461617538409,1.0143737491042657,dev,1,C
829,686.6225418297537,1.245562745039365,1.016115754683483,dev,1,C
682,686.6462470849838,13.669325565839472,1.0178349050117959,dev,1,C
829,686.762576446057,3.3024475932509176,1.0189099621267133,dev,1,C
679,686.9483783914727,7.9483783914727155,1.0100282119755093,prod,3,D
829,686.9495669762616,8.201963512166344,2.641477732871408,dev,1,C
530,687.3653435361318,13.154112510064465,1.015257840910749,dev,1,C
682,687.4560497800042,15.00805667550469,4.0072542004990055,dev,1,C
829,687.7850603209884,10.387113452977928,6.0722296965338955,dev,1,C
682,687.8778092844241,7.713304625436422,1.0156559752969088,dev,1,C
682,688.211428494562,14.95335196963481,4.029072386969119,dev,1,C
530,688.2648052588933,12.066552455853298,9.367814279909794,dev,1,C
829,688.5645128256078,12.752085994112008,7.804346146276885,dev,1,C
678,688.5650047960253,10.565004796025278,1.01002796460034,prod,3,D
530,688.6048385863503,17.031069495836732,6.051254224886975,dev,1,C
530,688.6213543310868,20.005823036126685,3.356317053273301,dev,1,C
682,688.9039982683009,16.03754148800624,1.0160090378967652,dev,1,C
530,689.1135438022596,12.221909078134104,1.012658123315191,dev,1,C
829,689.3274139881187,2.3778470118570567,1.012094840132022,dev,1,C
682,689.3621019484416,5.215729798968255,1.0100607689037133,dev,1,C
682,689.3782424466398,9.311672832427348,1.0205041981589602,dev,1,C
829,689.4616615132501,4.144418150790784,1.0204639463819376,dev,1,C
829,689.5376946336308,4.220451271171555,1.0209282970546383,dev,1,C
530,689.6155451352303,12.000582417768783,4.965114581569992,dev,1,C
829,689.7339325355686,2.7843655593069343,2.5221411423357267,dev,1,C
829,689.7771165093874,11.625256644634419,1.016914055011057,dev,1,C
829,690.296783137767,3.674241308013279,1.010029965620447,dev,1,C
682,690.7837462350319,18.335753130532453,6.121305992999282,dev,1,C
682,690.7890391384996,5.387020103851,1.017502081024304,dev,1,C
530,690.8611878927159,16.649956866648495,7.188920096175366,dev,1,C
829,690.9362186986485,5.55923961393421,1.0149297012210354,dev,1,C
669,691.212020606687,22.21202060668702,1.1994881809912386,prod,3,B
829,691.2145726388976,4.451996192840625,1.0111467384867865,dev,1,C
829,691.2713517357378,12.52374827164249,1.0204058766448725,dev,1,C
530,691.5016458621026,15.267338368039532,1.0106262501024048,dev,1,C
530,691.5049555458806,8.982732170214263,1.0185328766032171,dev,1,C
530,691.5049555458806,2.900116959530351,2.266407951849942,dev,1,C
758,691.5546431401276,27.890685986113795,6.760569183099278,dev,1,C
682,691.6698028493416,6.626051922401416,1.0100542607214038,dev,1,C
682,691.7041226983182,7.501699377029354,2.4538793503336365,dev,1,C
638,691.7419698547061,53.7419698547061,1.119049819978386,prod,2,A
530,691.968287169431,4.602943633299219,1.0100296343490527,dev,1,C
530,691.985628220441,8.966615035930658,1.0133370727080546,dev,1,C
829,692.0051693727087,13.294404446145222,1.0143764326262499,dev,1,C
691,692.02075148982,1.020751489819986,1.0100276100989731,prod,3,D
682,692.0314932240756,2.653250777435801,1.0152375065699744,dev,1,C
829,692.1249408781202,2.3478243687328586,1.014856119262845,dev,1,C
829,692.5378778785914,20.045235408419217,1.9534823536728254,dev,1,C
689,692.5925293656786,3.5925293656786152,1.1766257346829434,prod,3,B
682,692.7558875978946,13.552451318662406,1.0102055785567927,dev,1,C
530,692.9571255447194,16.722818050656315,6.823802717033573,dev,1,C
829,693.0759197071203,21.277618114822303,1.0106608571766174,dev,1,C
829,693.1843123396943,6.703809361306071,3.306684867439003,dev,1,C
682,693.5855725196976,13.519002905485195,3.25942741070412,dev,1,C
682,693.7455233779795,2.9617771429475397,1.0178391420421349,dev,1,C
829,693.9212520831878,14.217105669784246,1.018430154207067,dev,1,C
530,693.9315077589931,10.912494574482821,1.0143350092577066,dev,1,C
682,693.9457649221373,4.567522475497526,1.0174617985735495,dev,1,C
682,694.042845655686,22.15043024565125,1.0202768559095148,dev,1,C
829,694.322400238249,9.026148561737159,1.0100350939035252,dev,1,C
682,694.5300595216839,13.70438602082561,7.0622006769051495,dev,1,C
530,694.594265843248,12.024242745772654,10.39715871958549,dev,1,C
682,694.8613317238899,10.658908402601014,1.2096573526080192,dev,1,C
829,694.8883332798163,5.426671766566187,1.0143493169285875,dev,1,C
829,695.0845719516236,2.5466940730321994,1.0170516407001742,dev,1,C
530,695.2147239677573,6.101180165497681,1.0114238707441245,dev,1,C
682,695.4163032199043,16.027124645317485,1.0182851158068615,dev,1,C
530,695.4388437455331,18.245667180265173,2.2398732131620136,dev,1,C
682,695.5890770298264,10.545326102886179,1.0186792436271617,dev,1,C
682,695.8150879374213,12.817637224530245,2.0563448551622514,dev,1,C
829,696.0456035975807,9.283027151523697,1.0164783916278566,dev,1,C
829,696.1597301399556,1.2713968601393617,1.0100653246313414,dev,1,C
829,696.4494334707733,7.884920645165494,1.013306217190916,dev,1,C
530,696.4753462455408,4.489718025099819,1.015244500231347,dev,1,C
682,696.5133790049804,17.124200430393557,1.0109907006195726,dev,1,C
829,696.7698281299802,10.147286300226483,1.0140341529937587,dev,1,C
530,696.9177948362424,8.312956249892068,1.0152123271659548,dev,1,C
530,697.0216495200233,7.406104384793025,1.0152569308594366,dev,1,C
829,697.1732382395769,3.25198615638908,2.8586495309323254,dev,1,C
530,697.1870076239887,20.98875482094877,11.177148011243276,dev,1,C
530,697.3618312717114,7.746286136481103,1.015850965830623,dev,1,C
829,697.4017284752741,5.276787597153884,1.0156408213717896,dev,1,C
829,697.8070699094533,14.200361901320093,3.1659300771721064,dev,1,C
829,697.8580191907012,12.561767514189341,1.0137962990135065,dev,1,C
530,698.2407560885689,1.053748464580167,1.0100442026215433,dev,1,C
682,698.2671823974267,7.478143258927162,1.0208669910111894,dev,1,C
829,698.6701092116589,10.105596386051047,2.3817480441368843,dev,1,C
829,698.88598580019,9.424324286939964,2.5535618190517653,dev,1,C
829,698.9178665486205,7.3632234084929,1.0160541629467161,dev,1,C
530,699.0165159384634,16.494292562797,1.0129208234864109,dev,1,C
690,699.0636667611983,9.063666761198306,1.010033090715524,prod,3,D
682,699.2723299384853,6.516442340590743,1.0105942640591365,dev,1,C
829,699.6406951856683,7.102817307076862,4.873909762821654,dev,1,C
682,699.6976430285029,19.5331383695152,1.0152300106420853,dev,1,C
106,699.7039751104705,40.79178100667548,1.1444911512070348,prod,1,A
676,699.721370127926,23.72137012792598,1.1277590084250733,prod,3,A
829,700.0541990897269,16.594070236920857,1.0144238500284928,dev,1,C
682,700.0864250251817,14.68440599053315,1.0167505792492193,dev,1,C
682,700.1049710530252,9.315931914525663,1.0130077207262502,dev,1,C
530,700.2734700118269,8.768514465946282,1.0119360530079575,dev,1,C
723,700.4049900153806,93.58536816219078,38.801229944571446,dev,1,A
682,700.4359032610818,5.019600041177455,1.0206776823665678,dev,1,C
682,700.6708601623318,6.925336784352339,1.6808484449281877,dev,1,C
829,700.678234964072,8.553294085951734,1.015229621888011,dev,1,C
127,700.8087177108263,60.06854881017796,41.559469195953966,prod,1,A
682,700.9800129629953,28.003091443850963,10.030597991995478,dev,1,C
530,701.2331378057335,9.728182259852815,1.01006408216017,dev,1,C
682,701.3154980262211,9.645695176879485,1.0158968433792097,dev,1,C
829,701.6157450852596,10.061101945132009,1.0152340485461764,dev,1,C
530,701.6383503860986,9.652722165657678,1.0111142204349335,dev,1,C
829,701.7582258364097,13.973165515421329,1.0148584365680335,dev,1,C
681,701.7958028455296,20.79580284552958,1.2984549603020241,prod,3,B
530,702.0303131823564,9.073187637637034,6.069423567277795,dev,1,C
682,702.1066169872059,8.521044467508318,2.937849589496409,dev,1,C
530,702.4682720877111,5.10644081599969,1.010071300325876,dev,1,C
682,702.598718411073,13.236616462631446,4.233538499160204,dev,1,C
682,702.8649149035839,8.334855381899956,1.0153132461838368,dev,1,C
530,703.1594209205165,6.241626084274117,1.0189897795975185,dev,1,C
829,703.42023170715,19.813523699016855,1.012437009998166,dev,1,C
682,703.4733494672043,11.441856243128768,1.019300144464296,dev,1,C
530,703.6697193954527,1.2014473077416596,1.0157050123870022,dev,1,C
682,703.7936304702041,8.3773272502998,1.0131874505111682,dev,1,C
530,703.9998557271595,12.031568557728406,1.0198541198682278,dev,1,C
829,704.0702015544621,8.985629602838458,1.0205281014630145,dev,1,C
682,704.115645913389,1.250731009805122,1.0103596861301867,dev,1,C
829,704.195551064706,10.2742989815182,1.020823759639029,dev,1,C
530,704.2448193045519,21.19678080793824,1.0172355414509866,dev,1,C
682,704.2904621913698,2.9749641651486627,1.0100521899361183,dev,1,C
829,704.5247895721012,16.739729251112863,1.0189316249934564,dev,1,C
829,704.5286024393341,4.474403349607201,1.0108558421125053,dev,1,C
829,704.640490076822,2.882264240412269,1.0139234973026987,dev,1,C
829,704.7842899836204,10.461889745371423,2.1371015752002904,dev,1,C
682,704.7887586151684,12.757265391092801,1.012621391015955,dev,1,C
682,705.044837940859,14.261091705827084,1.0205192818405067,dev,1,C
682,705.0895027118473,10.559443190163393,1.0100619522095258,dev,1,C
660,705.2774801136322,45.27748011363224,1.1178241118504957,prod,3,A
106,705.337549259903,46.42535515610791,40.96250853071206,prod,1,A
530,705.3470393199837,17.98169578385182,9.83171704694189,dev,1,C
530,705.3676268411508,8.449832004908444,1.0100395848434118,dev,1,C
705,705.3813123079632,1.9079628407588416,1.0129261977019723,dev,0,C
530,705.3833002156003,2.9150281278892862,1.0139094770058819,dev,1,C
857,705.4121020738021,1.9387526065977454,1.010037039977533,dev,0,C
829,705.4297414734141,1.2341904087080593,1.015670061232072,dev,1,C
682,705.5684153678391,4.252917341617945,3.739394525049306,dev,1,C
530,705.570345076004,16.456801273744304,1.0191724483729558,dev,1,C
723,705.5994554849074,60.14376591997643,55.107532232031076,dev,1,A
829,705.9954207901817,11.673020551932723,1.010062662193036,dev,1,C
530,706.0301694373369,7.013653498873509,1.0152542748902533,dev,1,C
106,706.1789275829241,6.474952472453538,1.1111656631942424,prod,1,A
697,706.2781522788962,9.278152278896187,1.0100410139931455,prod,3,D
829,706.5342316429449,13.458311935824554,2.0187213681612093,dev,1,C
993,706.8016945665572,3.0080640963531096,1.0195314363456873,dev,0,C
829,706.8152398027177,2.1747497258957083,1.0165918842728843,dev,1,C
829,707.2344418808037,15.22927250809505,5.811932726402119,dev,1,C
682,707.2815931712637,15.611790321922058,3.2015828341413908,dev,1,C
682,707.2903645732337,15.586241874915459,6.5731318165302355,dev,1,C
706,707.3924524258738,1.3924524258737847,1.0100401337360836,prod,3,C
682,707.588371281812,5.4817542946060485,1.0156421411516021,dev,1,C
530,707.6082526214154,3.608396894255975,1.0189421801215985,dev,1,C
829,707.8960500676693,18.118933558281924,11.99116920844665,dev,1,C
530,708.0068710051947,24.958832508581054,5.566863095703184,dev,1,C
829,708.0748707527783,3.8793196880723144,3.0489423676634715,dev,1,C
702,708.1685668835391,6.1685668835391425,1.0132267401962736,prod,3,C
829,708.5813203672401,3.151578893826013,1.0100700578547048,dev,1,C
530,708.715773679251,3.348146838100206,1.0108631859416164,dev,1,C
682,708.745679499353,5.880764595769051,1.0186868644278775,dev,1,C
829,708.8378283140531,22.357325335664882,6.067448384343152,dev,1,C
530,708.8905907270854,9.87407478862201,1.2670082932839932,dev,1,C
829,709.1237730397847,10.205906491164228,1.017995726484628,dev,1,C
829,709.1655647967519,4.640775224650724,1.0133374565490385,dev,1,C
682,709.1740169794235,8.194004016428266,1.136652321685233,dev,1,C
530,709.1925251406165,16.235399595897093,1.017192199561805,dev,1,C
666,709.5133340753498,43.5133340753498,1.2874995289150775,prod,2,B
530,709.5684117522126,5.5685560250531125,4.01706155797342,dev,1,C
682,709.6553089617772,26.657858248886214,11.055436729666326,dev,1,C
701,709.6874463762103,8.687446376210346,1.0191277546645097,prod,3,C
530,710.168036868145,18.19974969871396,1.0156711916168888,dev,1,C
829,710.168193257755,18.1630238850463,8.059074413020653,dev,1,C
829,710.5305501276903,10.476351037963354,1.0152286274125117,dev,1,C
530,710.5574331535004,13.535783633477081,7.233201376572538,dev,1,C
829,710.5925687860897,10.951873600421436,1.0100634905071502,dev,1,C
530,710.6609913872139,7.501570466697444,2.4209723878802833,dev,1,C
530,711.0064018004222,4.976232363085273,1.010070590342366,dev,1,C
682,711.1427088855652,21.780606937123594,3.403859198674809,dev,1,C
682,711.6083086576411,9.00959024656811,1.0126260215128013,dev,1,C
723,711.6934208097733,56.24575725150089,1.1687915005852574,dev,1,A
829,711.8184759636711,2.9806476496179357,1.0148603146431014,dev,1,C
829,711.8508971141243,1.3203469864340605,1.0144184999676327,dev,1,C
829,712.1594069682658,12.518711782597506,6.903596752857879,dev,1,C
530,712.3910740232104,15.369424503187133,6.147825229922773,dev,1,C
829,712.5011855791165,1.9086167930267948,1.0126833683751784,dev,1,C
829,712.606443444307,10.848217607897368,7.089667631310135,dev,1,C
530,712.7916968505164,7.444657530532709,1.0100624846971868,dev,1,C
659,712.797804044355,53.79780404435496,1.1405733140887833,prod,2,A
530,712.960371682361,14.719615593792128,1.0192001438676925,dev,1,C
829,712.9778614530446,14.059994904424116,1.0169502673312536,dev,1,C
682,713.020420441825,20.264532843930397,9.852877204915899,dev,1,C
829,713.0666557209697,17.982083769346104,5.603712090904878,dev,1,C
829,713.4031777487326,20.327258041612254,4.792138855324424,dev,1,C
530,713.9240007293587,17.448654483817904,1.0158519873847354,dev,1,C
829,714.5163338624806,9.086592389066482,1.3955541762695702,dev,1,C
662,714.6909052711524,52.69090527115236,1.1707232895560082,prod,3,A
530,714.7868115258816,8.756642088544709,1.0100616563830727,dev,1,C
682,714.9768788184256,21.391306298727955,6.510884155831718,dev,1,C
682,714.9937037825013,21.248180404521804,1.0131071176904243,dev,1,C
682,715.1844740627289,14.204461099733635,10.172759774600195,dev,1,C
829,715.1949922261116,10.554502149289647,4.535117330140224,dev,1,C
530,715.511329750859,17.270573662290076,1.014348680842204,dev,1,C
530,715.5242209754088,3.133146952198331,1.0143750876575268,dev,1,C
829,715.7077982319707,20.819464952154476,1.0114029979290535,dev,1,C
530,716.090384242765,19.61503799722425,1.0206364336119123,dev,1,C
711,716.1065727266977,5.106572726697664,1.0100506732696886,prod,3,D
700,716.4740811081634,16.474081108163432,1.118926713029282,prod,3,A
530,716.9640955724706,11.393750496466623,1.014855215355965,dev,1,C
829,717.7495763542003,7.581383096445279,4.358207971174238,dev,1,C
682,717.8449438362353,15.246225425162265,1.0204881576382832,dev,1,C
530,718.135539127747,14.465819732294335,8.731425099769467,dev,1,C
729,718.2524715543597,3.465660028478055,1.0191262049661418,dev,1,C
829,718.2858145216535,9.704494154413396,1.010028779668687,dev,1,C
709,718.3950746953915,9.395074695391486,1.0156910361091604,prod,3,C
713,718.4569533893966,5.456953389396631,1.0100447351092043,prod,2,C
729,718.9203252133346,3.408995462475673,1.0161976576133611,dev,1,C
829,719.1621231463317,10.32429483227861,1.0161788358965396,dev,1,C
530,719.2909250755723,13.907624859971975,1.0166483234709176,dev,1,C
603,719.5769189354002,6.61654725303913,1.0123616584187403,dev,0,C
829,719.596513586808,15.071724014706774,1.0107702020650322,dev,1,C
530,719.7344354987773,15.489616194225391,4.957781728231907,dev,1,C
530,719.8594569574644,16.189737562011715,1.7236390751411363,dev,1,C
829,719.8705527460775,1.5847382244239725,1.0174545184959243,dev,1,C
829,720.3224912903802,10.154298032625206,1.0100406327294422,dev,1,C
829,720.4168461953735,11.251281398621586,3.450939701067,dev,1,C
829,720.5129849262955,11.347420129543593,1.013140168329869,dev,1,C
685,720.6146400752665,35.61464007526649,1.3089713422671139,prod,3,B
682,720.756074808497,18.649457821291094,1.0147881209962861,dev,1,C
829,721.167693070858,1.297140324780571,1.0130638730618102,dev,1,C
729,721.2086335067487,6.421821980867094,1.0134433808359518,dev,1,C
829,721.6051839520877,17.07658151275359,6.074033564676256,dev,1,C
829,721.6095805341951,16.825290550574664,1.0152737870515693,dev,1,C
692,721.8108447321669,8.850473049805828,1.0165185927910443,dev,0,C
829,721.8245348250791,4.074958470878869,2.6773023223496466,dev,1,C
829,721.8830962215668,17.35449378223268,1.0209202247565372,dev,1,C
829,722.0059935731429,11.475443445452584,1.01003903595074,dev,1,C
829,722.0487815604498,1.6319353650762878,1.0200783921434322,dev,1,C
729,722.1849701767111,6.094585933946064,2.172145696751727,dev,1,C
829,722.390987620103,12.703541243892687,11.9277905941276,dev,1,C
530,722.5468283607341,17.19978904075049,5.324016439915113,dev,1,C
729,722.5782927946533,2.843857295875978,1.0192123944513014,dev,1,C
829,722.8245322102149,2.953979464137433,1.0100366906822273,dev,1,C
829,722.993625400389,4.5985507049974785,1.0165873418520732,dev,1,C
683,723.0304372841787,40.030437284178674,1.2016268229890557,prod,3,B
829,723.1575149392582,3.9953917929265117,1.0134958557868003,dev,1,C
729,723.2229463982278,7.698725422819052,1.4499065462163117,dev,1,C
719,723.5167357644774,4.516735764477403,1.0100270957052544,prod,3,D
829,723.7195941761352,13.127025390045446,1.0109222435499987,dev,1,C
829,723.7719536354867,15.190633268246643,4.406606629962198,dev,1,C
530,723.9938904939538,18.626263652803004,1.0152534164410554,dev,1,C
530,724.0008826363169,12.994480835894706,1.019513059238534,dev,1,C
729,724.4271825924246,10.503181863065947,4.221609930073669,dev,1,C
829,724.567424905256,15.443651865471224,2.7047652139527827,dev,1,C
530,724.8045866763309,21.645165755814446,10.77464832839928,dev,1,C
530,724.9811673969442,13.974765596522047,8.86311533429307,dev,1,C
829,725.1679441873335,16.04417114754881,1.0544720949451403,dev,1,C
729,725.2508989770419,8.286803404571288,1.0100437884644862,dev,1,C
703,725.5174238539316,22.517423853931632,1.1134249741820668,prod,3,A
829,725.9293332767048,4.319752742509763,1.0100613013913744,dev,1,C
530,726.3482429652422,13.556546114725847,11.219252707894725,dev,1,C
729,726.3643647002842,2.370474206330414,1.0165307455823722,dev,1,C
715,726.4550928737534,11.455092873753415,1.010034025484174,prod,3,D
829,726.7570403822577,6.2440554559622115,1.0104797577057525,dev,1,C
729,726.8460906295561,9.881995057085533,1.0100298794899345,dev,1,C
726,727.1232320600063,1.1232320600063304,1.0139718862683367,prod,3,C
829,727.5406346032329,17.853188227022542,11.932175589103394,dev,1,C
729,727.6703330538809,11.579948811115855,2.8399806716488456,dev,1,C
717,728.1834829312064,11.183482931206413,1.0148913220826898,prod,3,C
829,728.5747076849451,10.288893163291618,1.0143824761502174,dev,1,C
829,728.6827017800965,6.79960555852972,1.0197302425953012,dev,1,C
829,728.7188821490481,13.011083917077372,1.0160378279011866,dev,1,C
729,728.8395505440805,6.292722183346314,1.8904305794306993,dev,1,C
829,728.9046032535233,9.308089666715318,1.0152505153477023,dev,1,C
106,729.1084888084392,29.404513697968696,1.1111656631942424,prod,1,A
530,729.2391764583085,16.44747960779216,6.952770509959805,dev,1,C
729,729.2875172564063,9.553081757629002,1.0106792386766301,dev,1,C
688,729.499766906585,41.49976690658502,1.0982552048070602,prod,3,A
720,730.4392371227265,10.439237122726468,1.0100426051586737,prod,3,C
530,730.8107555497984,18.419681526587965,1.017169557059674,dev,1,C
829,730.8162421955079,13.066665841307668,1.0161077760516264,dev,1,C
729,730.9410584057947,5.69015942875285,1.014720108331744,dev,1,C
829,730.9565899616888,10.539743766315269,1.012214659340657,dev,1,C
729,731.0791941655337,6.274607489202822,1.0100475750432452,dev,1,C
729,731.109829094651,11.25037213718656,2.7289020972465323,dev,1,C
729,731.232158408767,6.250991011822748,1.0183249206859273,dev,1,C
829,731.2663683773212,15.558570145350473,8.074215284940351,dev,1,C
729,731.6356026355293,6.38470365848741,1.0209038529925465,dev,1,C
729,731.8487272003094,11.98927024284501,9.389769034873325,dev,1,C
729,732.0336601431748,16.509439167766004,5.694448884173994,dev,1,C
829,732.0798259546,11.566841028304452,1.0122617653026964,dev,1,C
729,732.2491745155431,16.737844764684155,1.015236525078194,dev,1,C
729,732.3776843596654,4.7073513057845275,1.0152448907223288,dev,1,C
729,732.5048135054674,18.5808127761087,10.890645710065996,dev,1,C
829,732.5119944010236,10.90241386682851,1.014346250827657,dev,1,C
829,732.6522990477437,13.49017590141193,1.0126091122318712,dev,1,C
829,732.720894618422,27.936604634801597,8.292397453288686,dev,1,C
729,732.7609527768014,3.473435520395128,1.01593309181294,dev,1,C
729,733.1035165443892,3.8159992879828906,1.0198349324272158,dev,1,C
729,733.234546471978,2.124717377326988,1.0102685130159443,dev,1,C
729,733.6131629824791,11.066334621745,9.712397161439299,dev,1,C
725,733.8062883768519,8.806288376851853,1.0100278196734962,prod,3,D
729,734.0602738592537,2.9810796937199484,1.015271551465844,dev,1,C
729,734.1787216876847,1.8010373280193335,1.015257256268569,dev,1,C
729,734.2652356884761,3.0330772797091186,1.0144137424128985,dev,1,C
729,734.270841856457,3.161012761805978,1.010345886096161,dev,1,C
729,734.4072387930366,1.9024252875692582,1.5654935418959894,dev,1,C
729,734.7459453316244,1.6424287872351897,1.020527192833356,dev,1,C
829,734.7828484958037,15.186334908995718,1.015233309779319,dev,1,C
730,734.956437208758,4.956437208757961,1.0100494714241677,prod,3,D
829,735.047250441861,13.164154220294222,10.847838537048574,dev,1,C
729,735.0991711189658,11.098288482648968,1.014380339188051,dev,1,C
732,735.1843299334255,3.184329933425488,1.0100429009851268,prod,3,C
729,735.26230744255,11.261424806233094,1.014561826933459,dev,1,C
729,735.3387895641665,6.4992390200860655,1.015272009547175,dev,1,C
728,736.6776012469455,8.677601246945528,1.0100272464193267,prod,3,D
729,736.9930964485653,7.753919990256804,1.0143522054260075,dev,1,C
729,737.7957278770671,13.801837383113252,1.019194057472646,dev,1,C
729,737.8991085639027,6.819914398368951,1.019940577922057,dev,1,C
729,738.1976935985365,5.094177054147281,1.0205752970057347,dev,1,C
737,738.2965366808138,1.2965366808138015,1.0124614801070493,prod,3,C
729,738.5340588161073,3.195269251940772,1.0100561540108401,dev,1,C
729,738.5351030947601,6.899500459230808,1.0103770947524708,dev,1,C
729,738.6871732770619,14.259990684637273,1.0193966484604289,dev,1,C
829,739.0680425420521,20.67296784666064,3.498089022787667,dev,1,C
724,739.3642980959546,15.36429809595461,1.076062884456178,prod,3,A
729,739.869374256728,6.634827784749973,1.019763247240121,dev,1,C
729,739.969680324498,4.630890760331454,1.0152463876041793,dev,1,C
729,740.297460845712,1.7623577509518782,1.0193903979358083,dev,1,C
729,740.3208601904206,8.685257554891336,1.016070818055482,dev,1,C
736,740.581683418885,4.58168341888495,1.2854155913919385,prod,3,B
729,740.734503465298,11.495327006989442,1.0190150270409504,dev,1,C
723,740.8057881221804,41.08441799425441,1.1453322899878913,dev,1,A
735,740.9430135336672,5.9430135336672265,1.0100288620000129,prod,3,D
729,740.9864733050689,8.737298789525767,1.374037024737845,dev,1,C
696,741.0303366846323,45.03033668463229,1.097887580242741,prod,3,A
729,741.1432504774065,9.911092068639505,5.771016730484121,dev,1,C
729,741.2635237698328,8.885839410167364,1.019954803014116,dev,1,C
723,741.5606202793014,74.69639301521477,3.6481091852100462,dev,1,A
729,741.8706303268131,2.0012560700851054,1.1271746801810423,dev,1,C
729,742.1261256225808,1.1396523175119455,1.0194661264001752,dev,1,C
729,742.4400672094538,2.5706929527258353,1.0100289562856233,dev,1,C
729,742.7316068688727,10.882879668563305,5.95703265506404,dev,1,C
729,742.7389610253388,10.70530088216401,6.511474908027708,dev,1,C
729,743.5632801817717,11.314105666228556,1.013496562966111,dev,1,C
729,743.7878586932236,5.2537998771163075,1.0153977539947618,dev,1,C
729,743.8036880179584,11.042735241156947,7.56995948583949,dev,1,C
729,743.8400235106857,16.1696904568048,1.0152376226604929,dev,1,C
729,743.8674640526175,10.254301070138354,1.0117386687073804,dev,1,C
729,744.1033475460815,5.568244451321448,1.012948846071481,dev,1,C
729,744.2675935813346,4.297913256836637,1.0100532549114405,dev,1,C
729,744.414213544438,19.987030952013356,6.692719270466341,dev,1,C
729,745.5232837039125,4.7887802386145495,1.010067336251268,dev,1,C
742,746.0147133955811,4.014713395581111,1.0100453859274694,prod,3,C
729,746.0482264216616,12.4350634391825,7.6603938468317665,dev,1,C
710,746.3794199614858,36.37941996148584,1.1254101527855482,prod,3,A
729,747.1075178320484,6.121044526979517,1.0194346798890592,dev,1,C
693,747.1552064289812,54.15520642898116,1.2437961232806174,prod,3,B
729,747.2768427027262,8.742783886618895,1.018076996989521,dev,1,C
729,747.4689259652405,6.734422499942525,1.0100354431988308,dev,1,C
729,747.8017176203849,6.5381938505521475,2.550197509115037,dev,1,C
729,747.8599397828685,19.020389238788084,15.010523204086667,dev,1,C
127,748.0236486324088,65.90429687259757,18.81172844433047,prod,1,A
729,748.4842474516076,7.340996974201175,1.0148050556939552,dev,1,C
729,748.86623205369,10.179058776628153,2.466149578093564,dev,1,C
741,748.9958138262475,7.995813826247513,1.2085104911944882,prod,3,B
729,749.5389798262237,16.304433354245703,1.01972875144736,dev,1,C
729,749.5857140396847,9.616033715186745,1.0181102009610186,dev,1,C
127,750.0746295422858,49.26591183145956,47.372937780004804,prod,1,A
743,750.2488494883701,7.24884948837007,1.0100660937800967,prod,3,C
106,750.4199573445618,21.31146853612256,1.1058200246613978,prod,1,A
739,750.6520330545158,11.652033054515755,1.0100452675968654,prod,3,C
729,751.3845971094966,17.324323250242855,5.819176289641632,dev,1,C
729,751.5592610360047,3.075013584397084,1.0209313639023776,dev,1,C
729,751.6537460741769,12.966572797114964,1.0143549183603682,dev,1,C
729,751.8822084510253,10.618684681192576,3.0141431003963817,dev,1,C
723,751.9675200930374,52.246149965111385,1.1010131606847153,dev,1,A
729,752.2642920224763,19.50333924567485,1.0182182978345509,dev,1,C
729,752.5189947932138,4.6590550103452415,1.0123793041037743,dev,1,C
729,753.869544714984,1.6052526925077473,1.015247754322445,dev,1,C
729,754.4062466369088,6.546306854040267,1.018597878363039,dev,1,C
729,754.5829100181262,4.997195978441482,1.010041231521427,dev,1,C
729,754.727949993788,14.430489148076049,1.5832396460681366,dev,1,C
727,755.8819289938997,28.88192899389969,1.1933587928923544,prod,3,B
729,756.6798279532821,5.120566917277415,1.013261785342138,dev,1,C
729,757.1275678580909,15.984317380684388,1.0156076598642585,dev,1,C
729,757.952050253254,23.891776394000317,9.513074209621209,dev,1,C
729,758.01063966187,3.2826896680819573,1.0100680462347782,dev,1,C
729,758.0357165674983,6.6511194580017445,1.0142120218797572,dev,1,C
729,758.2542359526573,8.715256126433587,2.030337902810743,dev,1,C
729,758.3382658863204,18.04080504060846,3.815932719980424,dev,1,C
747,758.8442408908425,11.844240890842457,1.0100539057297055,prod,3,C
729,759.6586889586555,19.337828768234886,1.0156792642793562,dev,1,C
729,760.0771424103561,8.517881374351418,1.0134709025181792,dev,1,C
729,760.1165353321259,1.8622993794685954,1.0100662712759458,dev,1,C
749,760.3788654552586,11.37886545525862,1.0100293055810425,prod,3,C
729,760.4414016834515,11.957154231843901,1.0101171726380471,dev,1,C
729,760.5506994268776,8.66849097585225,6.07990973013284,dev,1,C
729,760.6218531875876,20.300992997166986,5.7374266339346605,dev,1,C
729,761.1179205976642,6.389970603876236,5.723483544074384,dev,1,C
750,761.7339072197173,11.733907219717253,1.010027498701561,prod,3,D
729,762.9179194376651,4.965869184411076,1.0114864926443943,dev,1,C
729,762.9395037843253,14.07327173063527,2.7975721453166216,dev,1,C
729,762.9879634946388,11.105755043613499,1.0100705311771208,dev,1,C
729,763.4507632948453,5.440123632975315,1.0150865965862295,dev,1,C
729,763.7996141311181,11.28061933790434,8.112926854765647,dev,1,C
729,764.1335146728076,14.594534846583883,5.199040788104071,dev,1,C
106,764.1440192176085,24.779721121653893,1.2227107035506606,prod,1,A
756,764.3960537681281,8.396053768128127,1.0100334971249367,prod,3,C
729,764.6684620222118,3.550541424547532,1.0157053938258969,dev,1,C
729,764.7391688691821,15.153454829497377,1.0168974799636317,dev,1,C
729,764.7567380687599,4.134884881172297,1.0100301511324687,dev,1,C
755,764.958492489463,9.95849248946297,1.0100448534398083,prod,3,C
729,765.2978117271712,13.913214617674612,11.564970342831884,dev,1,C
729,765.574019133764,5.023319706886355,3.5928748906931105,dev,1,C
729,765.6929582493012,14.039212175124362,2.939203370582163,dev,1,C
740,765.9177799481097,25.917779948109683,1.2022917093663636,prod,3,A
708,766.2353456035232,58.23534560352323,1.2832522383534979,prod,3,B
924,766.4999077427736,1.7431696740137568,1.0111297337310816,dev,0,C
712,766.7591017487563,54.75910174875628,1.1969667770461,prod,3,A
729,767.126826757383,6.504973569795425,1.0100644371518683,dev,1,C
729,767.3287578248085,6.210837227144225,1.0100300540709668,dev,1,C
748,767.6165498214413,19.616549821441254,1.0761729835919596,prod,2,A
757,768.0797510351279,11.079751035127856,1.0100279770940688,prod,3,D
729,768.5040046895735,10.24976873691628,1.0181194414857373,dev,1,C
729,768.9152525472042,10.879535979705906,7.667286871808642,dev,1,C
729,768.9668220466676,17.313075972490765,1.012260971102819,dev,1,C
729,769.1315340900672,8.580834663189648,1.0199973443519639,dev,1,C
729,769.1851810320586,11.14946446456031,5.425102639394822,dev,1,C
764,769.4171543815784,5.417154381578371,1.0148307990511967,prod,3,C
729,770.7282822403364,12.717642578466439,1.0176050806013563,dev,1,C
761,771.2003920657617,10.200392065761662,1.0100271448511648,prod,3,D
729,772.9032664509264,14.951216197672352,1.0104516544229227,dev,1,C
729,773.6290733827643,21.11007858955054,10.479016868121334,dev,1,C
714,773.8436944230938,59.84369442309378,1.1256216035059197,prod,2,B
729,774.1456147643596,9.38887669559972,1.0195255426730228,dev,1,C
729,774.5958934588632,10.462378786055638,1.0113321375084752,dev,1,C
729,774.7837979555486,10.650283282741043,1.0143879068600654,dev,1,C
729,774.7864923461221,16.44822645980173,2.2224891922777488,dev,1,C
773,775.9617905507031,2.9617905507030855,1.0100444414782714,prod,3,D
729,778.3098908429153,13.570721973733157,9.866785772741878,dev,1,C
729,778.3413862367871,19.49714534594466,1.0102425374573158,dev,1,C
772,778.6697384147235,6.669738414723497,1.0100364910848612,prod,3,C
106,779.0093881092872,73.67183884938424,1.1604161561604087,prod,1,A
781,784.3700591705739,3.3700591705738816,1.010029024809569,prod,3,C
729,785.3383772185502,20.599208349368155,1.0196989919157886,dev,1,C
785,792.2513472910041,7.251347291004095,1.0100492933729583,prod,3,D
738,792.4636640113055,54.46366401130547,1.201192396907345,prod,3,B
784,793.4996080336588,9.499608033658774,1.0100551482008768,prod,3,C
777,795.780846502171,18.780846502171016,1.1860879666577375,prod,3,A
790,796.6588174574975,6.658817457497548,1.0100415993485967,prod,3,C
796,797.3815156953615,1.381515695361486,1.0100294687133555,prod,3,C
753,800.9539261720606,47.95392617206062,1.1019105079155906,prod,3,A
106,803.5283960103749,64.16409791442027,1.2227107035506606,prod,1,A
795,803.8549488180895,8.854948818089497,1.0100337965209292,prod,3,C
794,804.3845931553002,10.384593155300195,1.0100289651807088,prod,3,C
106,805.4636769122686,100.12612765236565,1.1604161561604087,prod,1,A
803,807.334446976942,4.33444697694199,1.0100442634271758,prod,3,D
800,807.4872511911569,7.487251191156929,1.010027839663394,prod,3,D
801,810.4068306451941,9.406830645194077,1.0100328236387668,prod,3,D
782,810.9642138438661,28.964213843866105,1.165162232830312,prod,3,A
809,812.6481025683731,3.648102568373133,1.010028157003262,prod,3,D
788,814.2924131008733,26.29241310087332,1.206695191467361,prod,3,A
808,816.1775292183496,8.177529218349605,1.0100302571393058,prod,3,C
762,817.3843861111337,55.38438611113372,41.71198836204155,prod,2,A
783,818.8447921057132,35.84479210571317,1.1500439744290816,prod,3,A
810,820.144220085552,10.144220085551979,1.0100293362047523,prod,3,C
813,820.4872526141087,7.487252614108684,1.0100292626151486,prod,2,D
771,821.9999608170422,50.999960817042165,1.0866039985173757,prod,3,A
820,823.5339730813841,3.533973081384147,1.010051953275024,prod,3,C
804,823.6433001753365,19.64330017533655,1.1329770688734015,prod,3,A
822,824.9939448965154,2.9939448965153588,1.0100271481275058,prod,2,D
817,825.6347112162554,8.634711216255369,1.010032734613219,prod,3,D
792,827.0803184883713,35.08031848837129,1.1375106248575548,prod,3,A
826,834.013671942695,8.013671942695055,1.010063963829566,prod,3,C
832,835.1952561172457,3.1952561172456626,1.0100430193157308,prod,3,C
830,836.549544380447,6.549544380446946,1.0100291771944967,prod,3,C
276,839.9104759482311,28.94626210436502,1.234225556070328,prod,1,A
106,841.6265536641564,38.09815765378153,1.1548266920186734,prod,1,A
841,844.1011847375837,3.101184737583708,1.0100281919856116,prod,3,D
845,846.6000442770227,1.6000442770226755,1.0100367405815405,prod,2,C
838,847.3903248294984,9.390324829498354,1.0100325989369594,prod,3,C
106,847.7400973947575,141.56116981183345,72.94086044659957,prod,1,A
837,848.766079229827,11.766079229827028,1.0100278696482974,prod,3,D
843,851.0020207410126,8.002020741012643,1.0100511629103721,prod,2,D
824,852.7049519310558,28.704951931055803,16.083429250122435,prod,3,A
849,852.9491599609079,3.9491599609078776,1.0100483441921142,prod,3,C
814,854.4434327544745,40.44343275447454,1.1109249792704077,prod,3,A
106,857.3471716418446,106.92721429728283,53.29203101747976,prod,1,A
276,857.8058080143709,46.84159417050478,1.234225556070328,prod,1,A
276,859.4639499010041,19.553473952772947,18.133457269660994,prod,1,A
106,859.9400830785628,130.83159427012356,50.011299221084414,prod,1,A
815,862.1460234707024,47.1460234707024,25.083429250122435,prod,3,A
865,869.2057599751619,4.205759975161868,1.0100438182992093,prod,3,D
276,871.7341054703087,19.02915353925289,1.2024503202443384,prod,1,A
276,872.4529079277103,32.54243197947915,18.133457269660994,prod,1,A
861,872.4553483550865,11.455348355086471,1.0100297469813313,prod,3,C
276,873.852761193822,21.147809262766145,1.0755564284315824,prod,1,A
871,874.6104715144409,3.61047151444086,1.0100679279041742,prod,3,C
867,874.6588328012284,7.658832801228414,1.0100273741986712,prod,3,D
106,875.8219922951539,34.1954386309975,1.0907071191447812,prod,1,A
870,876.6478786518331,6.647878651833139,1.0100288591738718,prod,3,C
868,877.6963699973672,9.696369997367242,1.0100274233445816,prod,3,D
664,877.8729052147221,2.0509129195681908,1.0765803503943516,prod,1,A
874,880.4363113283207,6.4363113283206985,1.0100281894867749,prod,2,D
879,881.6489387298337,2.6489387298337306,1.0100289063863102,prod,3,C
875,881.8992014888573,6.899201488857329,1.0100521899361183,prod,3,C
881,882.6546764507461,1.6546764507461376,1.0100385868568083,prod,3,C
106,884.6829275206285,178.5039999377044,72.94086044659957,prod,1,A
869,886.9481934613876,17.948193461387632,1.1428843460136022,prod,2,A
880,887.4345753845938,7.434575384593813,1.0100488766797753,prod,3,C
664,887.943779072491,12.121786777337093,1.1569484513582893,prod,1,A
887,888.524796543776,1.5247965437760058,1.01005031716727,prod,2,D
888,890.0043017396665,2.0043017396665164,1.0100297801084253,prod,2,C
882,890.5342579214249,8.53425792142491,1.1091469792703492,prod,3,A
873,891.1062091649543,18.106209164954294,1.1282021928501536,prod,3,A
850,891.2922591412447,41.2922591412447,7.531953930024997,prod,3,A
884,892.2430852667652,8.243085266765206,1.0100299126170285,prod,3,C
891,893.8867198761452,2.8867198761452073,1.010040924967484,prod,3,D
892,894.5864466591389,2.5864466591389146,1.0100363401495542,prod,3,D
723,895.4776876381238,8.529494176736193,1.1141835672127627,dev,1,A
106,895.8143638197199,92.28596780934504,54.00355791965012,prod,1,A
855,895.9509629448231,40.95096294482312,1.1641021773624516,prod,3,A
895,896.7499839518741,1.7499839518741283,1.0100362511240064,prod,3,D
842,898.7115727577436,56.711572757743625,16.043933217892118,prod,3,A
723,901.0579991075629,14.109805646175232,1.1078143890077854,dev,1,A
894,902.5490229264265,8.54902292642646,1.010037738568144,prod,3,C
893,903.1461034471506,10.146103447150608,1.0100273774750121,prod,3,D
902,904.3900734947885,2.390073494788453,1.0174174695426927,prod,3,D
900,905.042219566531,5.042219566531003,1.0100407914291054,prod,3,D
862,905.3697733358764,43.3697733358764,1.0765142909128826,prod,3,A
896,907.9269409552232,11.926940955223245,1.0100313992293195,prod,3,D
898,908.1332957858145,10.13329578581454,1.0100311019569972,prod,3,C
899,908.8492241708021,9.849224170802131,1.0100371896754723,prod,3,C
901,912.2150145152041,11.215014515204075,1.0100693478711946,prod,3,C
106,912.3388234598395,70.71226979568314,1.1735579556205948,prod,1,A
664,915.8337739860294,31.150846465400946,1.210129662786585,prod,1,A
912,921.2264691169555,9.226469116955514,1.010067868738929,prod,3,C
106,923.2760068682446,75.5359094734871,28.211558187118953,prod,1,A
918,923.5355056041684,5.5355056041684065,1.0100283618997992,prod,2,D
664,925.2868789761687,2.010872107924115,1.1166674196225586,prod,1,A
916,926.0022081703232,10.002208170323229,1.0100562723414441,prod,3,C
915,928.3388682655818,13.338868265581823,1.0838271153514825,prod,3,A
922,930.1521409465507,8.15214094655073,1.0100370523542779,prod,3,D
920,930.36125082184,10.36125082184003,1.0100277051143394,prod,3,D
929,930.7530320388939,1.7530320388939344,1.0100595855977872,prod,3,C
106,932.0072788069966,181.58732146243483,109.6543075071553,prod,1,A
664,932.4889256078004,16.655151621770983,1.138568608325727,prod,1,A
925,933.3523459216617,8.352345921661708,1.0100299126170285,prod,3,C
890,934.142941262342,44.14294126234199,1.1318420886328795,prod,3,A
921,935.1041005141274,14.104100514127367,1.150586470147232,prod,3,A
927,936.9322986149097,9.932298614909655,1.0100306870245959,prod,3,D
886,937.1745276271675,51.17452762716755,1.1852477609874086,prod,3,A
937,938.479849672542,1.4798496725419454,1.010028856486997,prod,3,C
664,941.8303269616873,94.09022956692979,75.73889779032697,prod,1,A
932,942.479213865703,10.479213865702945,1.0100280720461114,prod,3,D
106,943.6195187924372,164.61013068315003,153.22265485275,prod,1,A
904,944.0637754238437,40.06377542384371,1.1410427680505109,prod,3,A
723,944.537050730543,49.059363092419176,1.1340383340173048,dev,1,A
939,944.6634077055417,5.663407705541658,1.194618973366346,prod,2,A
928,945.8720149812319,17.872014981231928,1.1225079577241104,prod,3,A
664,947.8555575353586,63.17263001473009,38.79606766445602,prod,1,A
943,948.5690520902906,5.569052090290597,1.1374402742012535,prod,3,A
940,948.8513472517001,8.851347251700076,1.188387605466687,prod,3,A
947,949.157307762582,2.157307762582036,1.010070886168819,prod,3,C
923,951.0073792044416,28.007379204441577,1.1354553678087314,prod,3,A
911,951.4994885031942,40.49948850319424,1.0926509034089804,prod,3,A
951,955.0127139319834,4.012713931983399,1.0100276100989731,prod,3,D
913,955.4963040188231,42.49630401882314,1.1214167071015027,prod,3,A
930,955.5820664954572,25.582066495457184,1.1072849984984714,prod,2,A
946,955.8679529764764,9.867952976476431,1.0100283269174497,prod,3,D
945,955.9199709075782,10.919970907578204,1.010029508465891,prod,3,C
934,956.3523244101995,22.352324410199458,1.1312188480202394,prod,3,A
956,957.8036036620688,1.803603662068781,1.0100365627135943,prod,3,D
952,959.1333675211596,7.133367521159585,1.010032200459591,prod,3,D
664,960.992220368677,37.71621350043233,18.637316260777766,prod,1,A
950,963.33154790033,13.331547900329952,1.1031489879604806,prod,3,A
910,963.4680629985166,53.46806299851664,1.111975555695608,prod,3,A
955,964.6962718284307,9.696271828430667,1.0100497641591346,prod,3,C
961,965.6812188917567,4.681218891756657,1.0100608872343173,prod,3,C
914,966.5919806536633,52.59198065366331,1.097419582152952,prod,2,A
960,968.745712768964,8.74571276896404,1.0100584022919747,prod,3,C
966,969.2191693616454,3.219169361645413,1.0100501391161743,prod,3,D
962,970.0901265291833,8.090126529183294,1.0100360918902425,prod,2,C
106,972.0160371943978,193.00664908511055,153.22265485275,prod,1,A
972,973.2138014056117,1.2138014056116617,1.0100476909124154,prod,3,D
863,973.397607887816,110.39760788781598,69.23204296203721,prod,3,A
936,974.9678198070402,38.9678198070402,1.1892567072333122,prod,3,A
968,975.9699329272285,7.969932927228456,1.0100292103215907,prod,3,C
965,976.2018210404199,11.201821040419873,1.0764592413449918,prod,2,A
973,977.2004541422934,4.200454142293438,1.0100430193157308,prod,3,C
967,977.2316286028437,10.23162860284367,1.0100293295793108,prod,3,C
664,979.2383869201989,27.738898417004634,1.184679084098093,prod,1,A
976,979.83991616812,3.8399161681199985,1.0100652063007374,prod,3,C
931,981.3828985369701,50.38289853697006,1.103281494893963,prod,3,A
664,981.65363268246,9.637595488062288,1.2238016599065986,prod,1,A
664,982.3667644157861,50.35948560878944,1.1362572154789632,prod,1,A
974,983.9430370503147,9.943037050314729,1.0100452427086566,prod,3,D
723,985.8156733281904,89.86471038336731,1.141767203276686,dev,1,A
981,986.5006839207455,5.500683920745473,1.010071004499423,prod,3,C
664,987.4669670563776,35.967478553183355,1.1044857786173452,prod,1,A
723,987.8306325218532,43.2935817913102,41.39502227895616,dev,1,A
979,987.9642081756033,8.96420817560329,1.0100324991382195,prod,3,C
723,995.9809374656166,10.16526413742622,1.173637393016179,dev,1,A
664,997.5880617076571,65.58078290066044,1.0943044179961134,prod,1,A
990,997.8322372716976,7.832237271697636,1.2063829779068556,prod,3,A
991,999.3558846816662,8.355884681666225,1.0100270727705265,prod,2,D
975,999.7588314585231,24.758831458523105,1.0966487500422772,prod,3,A
