application_id,response_times_mean,response_times_std,response_times_min,response_times_max,response_times_median,response_times_p50,response_times_p90,response_times_p95,response_times_p99,response_times_p999,response_times_geomean,queue_times_mean,queue_times_std,queue_times_min,queue_times_max,queue_times_median,queue_times_p50,queue_times_p90,queue_times_p95,queue_times_p99,queue_times_p999,queue_times_geomean,ttft_times_mean,ttft_times_std,ttft_times_min,ttft_times_max,ttft_times_median,ttft_times_p50,ttft_times_p90,ttft_times_p95,ttft_times_p99,ttft_times_p999,ttft_times_geomean,tbt_times_mean,tbt_times_std,tbt_times_min,tbt_times_max,tbt_times_median,tbt_times_p50,tbt_times_p90,tbt_times_p95,tbt_times_p99,tbt_times_p999,tbt_times_geomean,nth_token_overheads_mean,nth_token_overheads_std,nth_token_overheads_min,nth_token_overheads_max,nth_token_overheads_median,nth_token_overheads_p50,nth_token_overheads_p90,nth_token_overheads_p95,nth_token_overheads_p99,nth_token_overheads_p999,nth_token_overheads_geomean,prompt_sizes_mean,prompt_sizes_std,prompt_sizes_min,prompt_sizes_max,prompt_sizes_median,prompt_sizes_p50,prompt_sizes_p90,prompt_sizes_p95,prompt_sizes_p99,prompt_sizes_p999,prompt_sizes_geomean,token_sizes_mean,token_sizes_std,token_sizes_min,token_sizes_max,token_sizes_median,token_sizes_p50,token_sizes_p90,token_sizes_p95,token_sizes_p99,token_sizes_p999,token_sizes_geomean
westus_A_0,0.0,0.0,0.0,0.0,0.0,0.0,0.0,0.0,0.0,0.0,0.0,9.275606091885656,14.728959994345619,1.0,58.31411730731361,1.040345798444946,1.040345798444946,35.0656855778652,44.04658393185027,52.703136852888,57.753019261871074,2.738310378803557,9.385325957409203,14.732358194016987,1.0741031198392719,58.437274842229954,1.1485326921828118,1.1485326921828118,35.14419577280307,44.15774626460202,52.83557517342547,57.87710487534953,2.9363153017067796,-0.03721841638116278,0.07629147423377435,-0.43543547243741393,-0.0011146527811014839,-0.004571574957953687,-0.004571574957953687,-0.0012765773888631967,-0.00117484636086636,-0.001127647039564607,-0.001115952206947796,,4.364503266570518,10.750961282996057,0.0,51.63612551468168,0.0,0.0,18.677343974353292,26.913595466403024,50.06393714008599,51.47890667722212,0.0,444.3333333333333,293.1156306764617,15,990,421.0,421.0,858.4,881.5999999999999,972.9999999999998,988.3000000000001,302.1240383839169,499.84057971014494,296.46490239704116,9,994,500.0,500.0,916.4000000000001,958.4,987.1999999999999,993.32,363.03491410218226
westus_A_1,0.0,0.0,0.0,0.0,0.0,0.0,0.0,0.0,0.0,0.0,0.0,9.186182761075965,14.754603682975723,1.0,61.97339692781969,1.0304913965646563,1.0304913965646563,31.55327292952884,37.61368119009744,55.521523869314436,61.328209621969265,2.880938587446946,9.297074862370124,14.765414428890079,1.074246248715781,62.11682802355887,1.1366640324690422,1.1366640324690422,31.715520009822537,37.70314083832043,55.653946289019885,61.47053985010506,3.0709683406875947,-0.04319377731170505,0.11661431810525905,-0.663645430966902,-0.0011283372524069518,-0.004431553944857428,-0.004431553944857428,-0.0012440721519468077,-0.001165000977707866,-0.0011321385539054428,-0.001128717382556801,,4.237840748164334,7.789555335172539,0.0,33.12704590045769,0.0,0.0,14.61270802497967,17.917525223144345,28.905187939588252,32.70486010437081,0.0,474.375,298.321004749917,3,1005,464.0,464.0,926.4000000000002,966.0,996.32,1004.1320000000002,321.22927955119735,516.34375,302.62276531341377,35,992,449.5,449.5,952.9000000000001,971.45,985.8000000000001,991.3800000000001,395.2159375829673
westus_A_2,-1.0,-1.0,-1.0,-1.0,-1.0,-1.0,-1.0,-1.0,-1.0,-1.0,-1.0,-1.0,-1.0,-1.0,-1.0,-1.0,-1.0,-1.0,-1.0,-1.0,-1.0,-1.0,-1.0,-1.0,-1.0,-1.0,-1.0,-1.0,-1.0,-1.0,-1.0,-1.0,-1.0,-1.0,-1.0,-1.0,-1.0,-1.0,-1.0,-1.0,-1.0,-1.0,-1.0,-1.0,-1.0,-1.0,-1.0,-1.0,-1.0,-1.0,-1.0,-1.0,-1.0,-1.0,-1.0,-1.0,-1.0,-1,-1,-1.0,-1.0,-1.0,-1.0,-1.0,-1.0,-1.0,-1.0,-1.0,-1,-1,-1.0,-1.0,-1.0,-1.0,-1.0,-1.0,-1.0
westus_A_3,-1.0,-1.0,-1.0,-1.0,-1.0,-1.0,-1.0,-1.0,-1.0,-1.0,-1.0,-1.0,-1.0,-1.0,-1.0,-1.0,-1.0,-1.0,-1.0,-1.0,-1.0,-1.0,-1.0,-1.0,-1.0,-1.0,-1.0,-1.0,-1.0,-1.0,-1.0,-1.0,-1.0,-1.0,-1.0,-1.0,-1.0,-1.0,-1.0,-1.0,-1.0,-1.0,-1.0,-1.0,-1.0,-1.0,-1.0,-1.0,-1.0,-1.0,-1.0,-1.0,-1.0,-1.0,-1.0,-1.0,-1.0,-1,-1,-1.0,-1.0,-1.0,-1.0,-1.0,-1.0,-1.0,-1.0,-1.0,-1,-1,-1.0,-1.0,-1.0,-1.0,-1.0,-1.0,-1.0
westus_A_4,-1.0,-1.0,-1.0,-1.0,-1.0,-1.0,-1.0,-1.0,-1.0,-1.0,-1.0,-1.0,-1.0,-1.0,-1.0,-1.0,-1.0,-1.0,-1.0,-1.0,-1.0,-1.0,-1.0,-1.0,-1.0,-1.0,-1.0,-1.0,-1.0,-1.0,-1.0,-1.0,-1.0,-1.0,-1.0,-1.0,-1.0,-1.0,-1.0,-1.0,-1.0,-1.0,-1.0,-1.0,-1.0,-1.0,-1.0,-1.0,-1.0,-1.0,-1.0,-1.0,-1.0,-1.0,-1.0,-1.0,-1.0,-1,-1,-1.0,-1.0,-1.0,-1.0,-1.0,-1.0,-1.0,-1.0,-1.0,-1,-1,-1.0,-1.0,-1.0,-1.0,-1.0,-1.0,-1.0
westus_A_5,-1.0,-1.0,-1.0,-1.0,-1.0,-1.0,-1.0,-1.0,-1.0,-1.0,-1.0,-1.0,-1.0,-1.0,-1.0,-1.0,-1.0,-1.0,-1.0,-1.0,-1.0,-1.0,-1.0,-1.0,-1.0,-1.0,-1.0,-1.0,-1.0,-1.0,-1.0,-1.0,-1.0,-1.0,-1.0,-1.0,-1.0,-1.0,-1.0,-1.0,-1.0,-1.0,-1.0,-1.0,-1.0,-1.0,-1.0,-1.0,-1.0,-1.0,-1.0,-1.0,-1.0,-1.0,-1.0,-1.0,-1.0,-1,-1,-1.0,-1.0,-1.0,-1.0,-1.0,-1.0,-1.0,-1.0,-1.0,-1,-1,-1.0,-1.0,-1.0,-1.0,-1.0,-1.0,-1.0
westus_A_6,-1.0,-1.0,-1.0,-1.0,-1.0,-1.0,-1.0,-1.0,-1.0,-1.0,-1.0,-1.0,-1.0,-1.0,-1.0,-1.0,-1.0,-1.0,-1.0,-1.0,-1.0,-1.0,-1.0,-1.0,-1.0,-1.0,-1.0,-1.0,-1.0,-1.0,-1.0,-1.0,-1.0,-1.0,-1.0,-1.0,-1.0,-1.0,-1.0,-1.0,-1.0,-1.0,-1.0,-1.0,-1.0,-1.0,-1.0,-1.0,-1.0,-1.0,-1.0,-1.0,-1.0,-1.0,-1.0,-1.0,-1.0,-1,-1,-1.0,-1.0,-1.0,-1.0,-1.0,-1.0,-1.0,-1.0,-1.0,-1,-1,-1.0,-1.0,-1.0,-1.0,-1.0,-1.0,-1.0
westus_B_0,0.0,0.0,0.0,0.0,0.0,0.0,0.0,0.0,0.0,0.0,0.0,1.0120574269391227,0.01666533821811469,1.0,1.054097149608424,1.0022763598085476,1.0022763598085476,1.0365392193329144,1.0493783257485312,1.0539233798838699,1.0540797726359685,1.0119220620535498,1.2055651922350457,0.0806506261827981,1.0773314049272447,1.3754807303073662,1.1871610708217304,1.1871610708217304,1.3143012036148094,1.3381939867846087,1.3665943123080793,1.3745920885074376,1.2028842038401393,-0.007595158266676189,0.009166770572855592,-0.035448684402678864,-0.0011220600808633482,-0.003157343273462049,-0.003157343273462049,-0.001365903858473727,-0.0011793828292967086,-0.001129936802497039,-0.001122847753026717,,0.0,0.0,0.0,0.0,0.0,0.0,0.0,0.0,0.0,0.0,0.0,531.3076923076923,287.94569946131213,47,1017,472.0,472.0,960.8000000000002,1012.1,1015.48,1016.848,429.1182414071208,436.79487179487177,315.9914944885165,32,1013,395.0,395.0,921.2000000000002,992.4,1006.54,1012.354,289.1329294350946
westus_B_1,0.0,0.0,0.0,0.0,0.0,0.0,0.0,0.0,0.0,0.0,0.0,1.0,0.0,1.0,1.0,1.0,1.0,1.0,1.0,1.0,1.0,1.0,1.081900676113733,0.0,1.081900676113733,1.081900676113733,1.081900676113733,1.081900676113733,1.081900676113733,1.081900676113733,1.081900676113733,1.081900676113733,1.081900676113733,-0.0018848443834734027,0.0,-0.0018848443834734027,-0.0018848443834734027,-0.0018848443834734027,-0.0018848443834734027,-0.0018848443834734027,-0.0018848443834734027,-0.0018848443834734027,-0.0018848443834734027,,0.0,0.0,0.0,0.0,0.0,0.0,0.0,0.0,0.0,0.0,0.0,77.0,0.0,77,77,77.0,77.0,77.0,77.0,77.0,77.0,77.00000000000001,574.0,0.0,574,574,574.0,574.0,574.0,574.0,574.0,574.0,574.0000000000002
westus_B_2,0.0,0.0,0.0,0.0,0.0,0.0,0.0,0.0,0.0,0.0,0.0,1.0,0.0,1.0,1.0,1.0,1.0,1.0,1.0,1.0,1.0,1.0,1.2725091228728758,0.0,1.2725091228728758,1.2725091228728758,1.2725091228728758,1.2725091228728758,1.2725091228728758,1.2725091228728758,1.2725091228728758,1.2725091228728758,1.2725091228728758,-0.0031342589233322063,0.0,-0.0031342589233322063,-0.0031342589233322063,-0.0031342589233322063,-0.0031342589233322063,-0.0031342589233322063,-0.0031342589233322063,-0.0031342589233322063,-0.0031342589233322063,,0.0,0.0,0.0,0.0,0.0,0.0,0.0,0.0,0.0,0.0,0.0,911.0,0.0,911,911,911.0,911.0,911.0,911.0,911.0,911.0,910.9999999999999,406.0,0.0,406,406,406.0,406.0,406.0,406.0,406.0,406.0,405.99999999999994
westus_B_3,-1.0,-1.0,-1.0,-1.0,-1.0,-1.0,-1.0,-1.0,-1.0,-1.0,-1.0,-1.0,-1.0,-1.0,-1.0,-1.0,-1.0,-1.0,-1.0,-1.0,-1.0,-1.0,-1.0,-1.0,-1.0,-1.0,-1.0,-1.0,-1.0,-1.0,-1.0,-1.0,-1.0,-1.0,-1.0,-1.0,-1.0,-1.0,-1.0,-1.0,-1.0,-1.0,-1.0,-1.0,-1.0,-1.0,-1.0,-1.0,-1.0,-1.0,-1.0,-1.0,-1.0,-1.0,-1.0,-1.0,-1.0,-1,-1,-1.0,-1.0,-1.0,-1.0,-1.0,-1.0,-1.0,-1.0,-1.0,-1,-1,-1.0,-1.0,-1.0,-1.0,-1.0,-1.0,-1.0
westus_B_4,-1.0,-1.0,-1.0,-1.0,-1.0,-1.0,-1.0,-1.0,-1.0,-1.0,-1.0,-1.0,-1.0,-1.0,-1.0,-1.0,-1.0,-1.0,-1.0,-1.0,-1.0,-1.0,-1.0,-1.0,-1.0,-1.0,-1.0,-1.0,-1.0,-1.0,-1.0,-1.0,-1.0,-1.0,-1.0,-1.0,-1.0,-1.0,-1.0,-1.0,-1.0,-1.0,-1.0,-1.0,-1.0,-1.0,-1.0,-1.0,-1.0,-1.0,-1.0,-1.0,-1.0,-1.0,-1.0,-1.0,-1.0,-1,-1,-1.0,-1.0,-1.0,-1.0,-1.0,-1.0,-1.0,-1.0,-1.0,-1,-1,-1.0,-1.0,-1.0,-1.0,-1.0,-1.0,-1.0
westus_B_5,-1.0,-1.0,-1.0,-1.0,-1.0,-1.0,-1.0,-1.0,-1.0,-1.0,-1.0,-1.0,-1.0,-1.0,-1.0,-1.0,-1.0,-1.0,-1.0,-1.0,-1.0,-1.0,-1.0,-1.0,-1.0,-1.0,-1.0,-1.0,-1.0,-1.0,-1.0,-1.0,-1.0,-1.0,-1.0,-1.0,-1.0,-1.0,-1.0,-1.0,-1.0,-1.0,-1.0,-1.0,-1.0,-1.0,-1.0,-1.0,-1.0,-1.0,-1.0,-1.0,-1.0,-1.0,-1.0,-1.0,-1.0,-1,-1,-1.0,-1.0,-1.0,-1.0,-1.0,-1.0,-1.0,-1.0,-1.0,-1,-1,-1.0,-1.0,-1.0,-1.0,-1.0,-1.0,-1.0
westus_B_6,-1.0,-1.0,-1.0,-1.0,-1.0,-1.0,-1.0,-1.0,-1.0,-1.0,-1.0,-1.0,-1.0,-1.0,-1.0,-1.0,-1.0,-1.0,-1.0,-1.0,-1.0,-1.0,-1.0,-1.0,-1.0,-1.0,-1.0,-1.0,-1.0,-1.0,-1.0,-1.0,-1.0,-1.0,-1.0,-1.0,-1.0,-1.0,-1.0,-1.0,-1.0,-1.0,-1.0,-1.0,-1.0,-1.0,-1.0,-1.0,-1.0,-1.0,-1.0,-1.0,-1.0,-1.0,-1.0,-1.0,-1.0,-1,-1,-1.0,-1.0,-1.0,-1.0,-1.0,-1.0,-1.0,-1.0,-1.0,-1,-1,-1.0,-1.0,-1.0,-1.0,-1.0,-1.0,-1.0
westus_C_0,0.0,0.0,0.0,0.0,0.0,0.0,0.0,0.0,0.0,0.0,0.0,2.5044943727522955,2.986924667653777,1.0,18.023199945898313,1.0068406137486363,1.0068406137486363,6.670688736616455,10.236454320486104,13.314227579077333,17.398229887250416,1.6492579783045531,2.5145429118376974,2.986926761785351,1.0100288525484586,18.033255863247945,1.0169007561149783,1.0169007561149783,6.680724492135932,10.24651370492195,13.324287392461555,17.40828810648495,1.6617710493498687,-0.01108422778315877,0.03093309807955713,-0.5080176613947174,-0.0009947229317441425,-0.0032366053291850915,-0.0032366053291850915,-0.0011446540815087515,-0.0010722091137452918,-0.0010055405204881253,-0.0009968990620946195,,1.3174386186176466,2.70746398440489,0.0,11.089956471994526,0.0,0.0,5.8148341689303615,8.714629834544686,10.530651179579312,11.050917640000026,0.0,518.1231155778894,298.84753918465736,3,1020,526.5,526.5,917.3,966.15,1007.0899999999999,1019.6030000000001,378.8669289113139,504.51256281407035,297.96249231589593,2,1021,493.0,493.0,933.9000000000001,973.7499999999999,1011.03,1019.4120000000003,378.0185606242834
westus_C_1,-1.0,-1.0,-1.0,-1.0,-1.0,-1.0,-1.0,-1.0,-1.0,-1.0,-1.0,-1.0,-1.0,-1.0,-1.0,-1.0,-1.0,-1.0,-1.0,-1.0,-1.0,-1.0,-1.0,-1.0,-1.0,-1.0,-1.0,-1.0,-1.0,-1.0,-1.0,-1.0,-1.0,-1.0,-1.0,-1.0,-1.0,-1.0,-1.0,-1.0,-1.0,-1.0,-1.0,-1.0,-1.0,-1.0,-1.0,-1.0,-1.0,-1.0,-1.0,-1.0,-1.0,-1.0,-1.0,-1.0,-1.0,-1,-1,-1.0,-1.0,-1.0,-1.0,-1.0,-1.0,-1.0,-1.0,-1.0,-1,-1,-1.0,-1.0,-1.0,-1.0,-1.0,-1.0,-1.0
westus_C_2,-1.0,-1.0,-1.0,-1.0,-1.0,-1.0,-1.0,-1.0,-1.0,-1.0,-1.0,-1.0,-1.0,-1.0,-1.0,-1.0,-1.0,-1.0,-1.0,-1.0,-1.0,-1.0,-1.0,-1.0,-1.0,-1.0,-1.0,-1.0,-1.0,-1.0,-1.0,-1.0,-1.0,-1.0,-1.0,-1.0,-1.0,-1.0,-1.0,-1.0,-1.0,-1.0,-1.0,-1.0,-1.0,-1.0,-1.0,-1.0,-1.0,-1.0,-1.0,-1.0,-1.0,-1.0,-1.0,-1.0,-1.0,-1,-1,-1.0,-1.0,-1.0,-1.0,-1.0,-1.0,-1.0,-1.0,-1.0,-1,-1,-1.0,-1.0,-1.0,-1.0,-1.0,-1.0,-1.0
westus_C_3,-1.0,-1.0,-1.0,-1.0,-1.0,-1.0,-1.0,-1.0,-1.0,-1.0,-1.0,-1.0,-1.0,-1.0,-1.0,-1.0,-1.0,-1.0,-1.0,-1.0,-1.0,-1.0,-1.0,-1.0,-1.0,-1.0,-1.0,-1.0,-1.0,-1.0,-1.0,-1.0,-1.0,-1.0,-1.0,-1.0,-1.0,-1.0,-1.0,-1.0,-1.0,-1.0,-1.0,-1.0,-1.0,-1.0,-1.0,-1.0,-1.0,-1.0,-1.0,-1.0,-1.0,-1.0,-1.0,-1.0,-1.0,-1,-1,-1.0,-1.0,-1.0,-1.0,-1.0,-1.0,-1.0,-1.0,-1.0,-1,-1,-1.0,-1.0,-1.0,-1.0,-1.0,-1.0,-1.0
westus_C_4,-1.0,-1.0,-1.0,-1.0,-1.0,-1.0,-1.0,-1.0,-1.0,-1.0,-1.0,-1.0,-1.0,-1.0,-1.0,-1.0,-1.0,-1.0,-1.0,-1.0,-1.0,-1.0,-1.0,-1.0,-1.0,-1.0,-1.0,-1.0,-1.0,-1.0,-1.0,-1.0,-1.0,-1.0,-1.0,-1.0,-1.0,-1.0,-1.0,-1.0,-1.0,-1.0,-1.0,-1.0,-1.0,-1.0,-1.0,-1.0,-1.0,-1.0,-1.0,-1.0,-1.0,-1.0,-1.0,-1.0,-1.0,-1,-1,-1.0,-1.0,-1.0,-1.0,-1.0,-1.0,-1.0,-1.0,-1.0,-1,-1,-1.0,-1.0,-1.0,-1.0,-1.0,-1.0,-1.0
westus_C_5,-1.0,-1.0,-1.0,-1.0,-1.0,-1.0,-1.0,-1.0,-1.0,-1.0,-1.0,-1.0,-1.0,-1.0,-1.0,-1.0,-1.0,-1.0,-1.0,-1.0,-1.0,-1.0,-1.0,-1.0,-1.0,-1.0,-1.0,-1.0,-1.0,-1.0,-1.0,-1.0,-1.0,-1.0,-1.0,-1.0,-1.0,-1.0,-1.0,-1.0,-1.0,-1.0,-1.0,-1.0,-1.0,-1.0,-1.0,-1.0,-1.0,-1.0,-1.0,-1.0,-1.0,-1.0,-1.0,-1.0,-1.0,-1,-1,-1.0,-1.0,-1.0,-1.0,-1.0,-1.0,-1.0,-1.0,-1.0,-1,-1,-1.0,-1.0,-1.0,-1.0,-1.0,-1.0,-1.0
westus_C_6,-1.0,-1.0,-1.0,-1.0,-1.0,-1.0,-1.0,-1.0,-1.0,-1.0,-1.0,-1.0,-1.0,-1.0,-1.0,-1.0,-1.0,-1.0,-1.0,-1.0,-1.0,-1.0,-1.0,-1.0,-1.0,-1.0,-1.0,-1.0,-1.0,-1.0,-1.0,-1.0,-1.0,-1.0,-1.0,-1.0,-1.0,-1.0,-1.0,-1.0,-1.0,-1.0,-1.0,-1.0,-1.0,-1.0,-1.0,-1.0,-1.0,-1.0,-1.0,-1.0,-1.0,-1.0,-1.0,-1.0,-1.0,-1,-1,-1.0,-1.0,-1.0,-1.0,-1.0,-1.0,-1.0,-1.0,-1.0,-1,-1,-1.0,-1.0,-1.0,-1.0,-1.0,-1.0,-1.0
westus_D_0,0.0,0.0,0.0,0.0,0.0,0.0,0.0,0.0,0.0,0.0,0.0,1.121705726543238,0.4240179172175593,1.0,4.982375253990142,1.0066432573074735,1.0066432573074735,1.2706862395865028,1.8988501840164393,3.002789969060076,4.953795284860019,1.0813651887575289,1.1317433794571554,0.42401908145470196,1.0100269482676367,4.992405888614371,1.0166788051215292,1.0166788051215292,1.2807331715460872,1.9088925329385948,3.0128213437224507,4.96383197931584,1.0916099753871176,-0.00683358564009711,0.019479200311404255,-0.2545107645182867,-0.0009934570001078364,-0.0021661467360627757,-0.0021661467360627757,-0.0011006933603828876,-0.0010452210838170365,-0.001003262680063891,-0.0009935724128249087,,0.11012737815390551,0.39190822995400776,0.0,4.053524912282796,0.0,0.0,0.26809096131472643,0.8294659694626934,1.8746902750370207,3.9370873451222677,0.0,525.446983546618,299.5461991650507,3,1024,545.5,545.5,925.7,982.0,1016.0,1024.0,384.52567458273063,511.6151736745887,300.5949995207053,4,1024,510.5,510.5,932.9000000000003,979.3499999999999,1017.0,1024.0,374.23534574873037
westus_D_1,-1.0,-1.0,-1.0,-1.0,-1.0,-1.0,-1.0,-1.0,-1.0,-1.0,-1.0,-1.0,-1.0,-1.0,-1.0,-1.0,-1.0,-1.0,-1.0,-1.0,-1.0,-1.0,-1.0,-1.0,-1.0,-1.0,-1.0,-1.0,-1.0,-1.0,-1.0,-1.0,-1.0,-1.0,-1.0,-1.0,-1.0,-1.0,-1.0,-1.0,-1.0,-1.0,-1.0,-1.0,-1.0,-1.0,-1.0,-1.0,-1.0,-1.0,-1.0,-1.0,-1.0,-1.0,-1.0,-1.0,-1.0,-1,-1,-1.0,-1.0,-1.0,-1.0,-1.0,-1.0,-1.0,-1.0,-1.0,-1,-1,-1.0,-1.0,-1.0,-1.0,-1.0,-1.0,-1.0
westus_D_2,-1.0,-1.0,-1.0,-1.0,-1.0,-1.0,-1.0,-1.0,-1.0,-1.0,-1.0,-1.0,-1.0,-1.0,-1.0,-1.0,-1.0,-1.0,-1.0,-1.0,-1.0,-1.0,-1.0,-1.0,-1.0,-1.0,-1.0,-1.0,-1.0,-1.0,-1.0,-1.0,-1.0,-1.0,-1.0,-1.0,-1.0,-1.0,-1.0,-1.0,-1.0,-1.0,-1.0,-1.0,-1.0,-1.0,-1.0,-1.0,-1.0,-1.0,-1.0,-1.0,-1.0,-1.0,-1.0,-1.0,-1.0,-1,-1,-1.0,-1.0,-1.0,-1.0,-1.0,-1.0,-1.0,-1.0,-1.0,-1,-1,-1.0,-1.0,-1.0,-1.0,-1.0,-1.0,-1.0
westus_D_3,-1.0,-1.0,-1.0,-1.0,-1.0,-1.0,-1.0,-1.0,-1.0,-1.0,-1.0,-1.0,-1.0,-1.0,-1.0,-1.0,-1.0,-1.0,-1.0,-1.0,-1.0,-1.0,-1.0,-1.0,-1.0,-1.0,-1.0,-1.0,-1.0,-1.0,-1.0,-1.0,-1.0,-1.0,-1.0,-1.0,-1.0,-1.0,-1.0,-1.0,-1.0,-1.0,-1.0,-1.0,-1.0,-1.0,-1.0,-1.0,-1.0,-1.0,-1.0,-1.0,-1.0,-1.0,-1.0,-1.0,-1.0,-1,-1,-1.0,-1.0,-1.0,-1.0,-1.0,-1.0,-1.0,-1.0,-1.0,-1,-1,-1.0,-1.0,-1.0,-1.0,-1.0,-1.0,-1.0
westus_D_4,-1.0,-1.0,-1.0,-1.0,-1.0,-1.0,-1.0,-1.0,-1.0,-1.0,-1.0,-1.0,-1.0,-1.0,-1.0,-1.0,-1.0,-1.0,-1.0,-1.0,-1.0,-1.0,-1.0,-1.0,-1.0,-1.0,-1.0,-1.0,-1.0,-1.0,-1.0,-1.0,-1.0,-1.0,-1.0,-1.0,-1.0,-1.0,-1.0,-1.0,-1.0,-1.0,-1.0,-1.0,-1.0,-1.0,-1.0,-1.0,-1.0,-1.0,-1.0,-1.0,-1.0,-1.0,-1.0,-1.0,-1.0,-1,-1,-1.0,-1.0,-1.0,-1.0,-1.0,-1.0,-1.0,-1.0,-1.0,-1,-1,-1.0,-1.0,-1.0,-1.0,-1.0,-1.0,-1.0
westus_D_5,-1.0,-1.0,-1.0,-1.0,-1.0,-1.0,-1.0,-1.0,-1.0,-1.0,-1.0,-1.0,-1.0,-1.0,-1.0,-1.0,-1.0,-1.0,-1.0,-1.0,-1.0,-1.0,-1.0,-1.0,-1.0,-1.0,-1.0,-1.0,-1.0,-1.0,-1.0,-1.0,-1.0,-1.0,-1.0,-1.0,-1.0,-1.0,-1.0,-1.0,-1.0,-1.0,-1.0,-1.0,-1.0,-1.0,-1.0,-1.0,-1.0,-1.0,-1.0,-1.0,-1.0,-1.0,-1.0,-1.0,-1.0,-1,-1,-1.0,-1.0,-1.0,-1.0,-1.0,-1.0,-1.0,-1.0,-1.0,-1,-1,-1.0,-1.0,-1.0,-1.0,-1.0,-1.0,-1.0
westus_D_6,-1.0,-1.0,-1.0,-1.0,-1.0,-1.0,-1.0,-1.0,-1.0,-1.0,-1.0,-1.0,-1.0,-1.0,-1.0,-1.0,-1.0,-1.0,-1.0,-1.0,-1.0,-1.0,-1.0,-1.0,-1.0,-1.0,-1.0,-1.0,-1.0,-1.0,-1.0,-1.0,-1.0,-1.0,-1.0,-1.0,-1.0,-1.0,-1.0,-1.0,-1.0,-1.0,-1.0,-1.0,-1.0,-1.0,-1.0,-1.0,-1.0,-1.0,-1.0,-1.0,-1.0,-1.0,-1.0,-1.0,-1.0,-1,-1,-1.0,-1.0,-1.0,-1.0,-1.0,-1.0,-1.0,-1.0,-1.0,-1,-1,-1.0,-1.0,-1.0,-1.0,-1.0,-1.0,-1.0
centralus_A_0,0.0,0.0,0.0,0.0,0.0,0.0,0.0,0.0,0.0,0.0,0.0,11.223505892709293,15.241099708661574,1.0,56.260424892569404,1.0506960691557197,1.0506960691557197,33.75135770288188,36.37916214138978,50.17616053586221,55.65199845689875,3.4257633089577255,11.338996923373479,15.241110795999242,1.07467563534534,56.36436892213078,1.178395933303591,1.178395933303591,33.8550367185763,36.48868691329227,50.27064003044879,55.75499603296265,3.6600355201921557,-0.02418590963067076,0.031088948864797072,-0.10755465745136765,-0.0010926868840218761,-0.006620201872492084,-0.006620201872492084,-0.0012952312663126785,-0.0011406470642676486,-0.0011058959676259956,-0.001094007792382288,,1.4548052037591472,6.5841262812109616,0.0,37.96464625417531,0.0,0.0,0.5890439574390489,4.101643019522036,28.188646323758565,36.98704626113374,0.0,511.93939393939394,304.4688310060295,30,998,521.0,521.0,921.4,960.2,987.4399999999999,996.9440000000001,358.6913459936801,531.7272727272727,270.07005519076677,26,1024,529.0,529.0,980.0,1001.8,1020.16,1023.616,430.8869180239154
centralus_A_1,0.0,0.0,0.0,0.0,0.0,0.0,0.0,0.0,0.0,0.0,0.0,10.511884275695516,14.048884636893916,1.0,47.469284247828114,1.0454675216071223,1.0454675216071223,34.129674499282615,42.028366722293065,47.2127387757888,47.443629700624186,3.628861273112222,10.630698001287806,14.053862350324309,1.0748407840490017,47.60383737902396,1.1824060182325837,1.1824060182325837,34.21172440630774,42.13390083505623,47.33885254039114,47.57733889516068,3.850080087063091,-0.025037596553297823,0.03152860529445002,-0.13260121832597202,-0.0011651709163727683,-0.010698492193120548,-0.010698492193120548,-0.0015333563585555666,-0.0012281131483146798,-0.0011730369976856142,-0.0011659575245040528,,8.260175892432684,14.857212290131608,0.0,49.74315146322692,0.0,0.0,37.943894054707485,38.069811479256146,45.890949268516586,49.35793124375596,0.0,479.5,242.23472452294257,60,921,434.0,434.0,817.1,886.3499999999999,914.07,920.3070000000001,401.44143063569857,505.61764705882354,313.41374784083763,25,968,464.5,464.5,920.8,954.9,966.6800000000001,967.868,375.8145615431117
centralus_A_2,-1.0,-1.0,-1.0,-1.0,-1.0,-1.0,-1.0,-1.0,-1.0,-1.0,-1.0,-1.0,-1.0,-1.0,-1.0,-1.0,-1.0,-1.0,-1.0,-1.0,-1.0,-1.0,-1.0,-1.0,-1.0,-1.0,-1.0,-1.0,-1.0,-1.0,-1.0,-1.0,-1.0,-1.0,-1.0,-1.0,-1.0,-1.0,-1.0,-1.0,-1.0,-1.0,-1.0,-1.0,-1.0,-1.0,-1.0,-1.0,-1.0,-1.0,-1.0,-1.0,-1.0,-1.0,-1.0,-1.0,-1.0,-1,-1,-1.0,-1.0,-1.0,-1.0,-1.0,-1.0,-1.0,-1.0,-1.0,-1,-1,-1.0,-1.0,-1.0,-1.0,-1.0,-1.0,-1.0
centralus_A_3,-1.0,-1.0,-1.0,-1.0,-1.0,-1.0,-1.0,-1.0,-1.0,-1.0,-1.0,-1.0,-1.0,-1.0,-1.0,-1.0,-1.0,-1.0,-1.0,-1.0,-1.0,-1.0,-1.0,-1.0,-1.0,-1.0,-1.0,-1.0,-1.0,-1.0,-1.0,-1.0,-1.0,-1.0,-1.0,-1.0,-1.0,-1.0,-1.0,-1.0,-1.0,-1.0,-1.0,-1.0,-1.0,-1.0,-1.0,-1.0,-1.0,-1.0,-1.0,-1.0,-1.0,-1.0,-1.0,-1.0,-1.0,-1,-1,-1.0,-1.0,-1.0,-1.0,-1.0,-1.0,-1.0,-1.0,-1.0,-1,-1,-1.0,-1.0,-1.0,-1.0,-1.0,-1.0,-1.0
centralus_A_4,-1.0,-1.0,-1.0,-1.0,-1.0,-1.0,-1.0,-1.0,-1.0,-1.0,-1.0,-1.0,-1.0,-1.0,-1.0,-1.0,-1.0,-1.0,-1.0,-1.0,-1.0,-1.0,-1.0,-1.0,-1.0,-1.0,-1.0,-1.0,-1.0,-1.0,-1.0,-1.0,-1.0,-1.0,-1.0,-1.0,-1.0,-1.0,-1.0,-1.0,-1.0,-1.0,-1.0,-1.0,-1.0,-1.0,-1.0,-1.0,-1.0,-1.0,-1.0,-1.0,-1.0,-1.0,-1.0,-1.0,-1.0,-1,-1,-1.0,-1.0,-1.0,-1.0,-1.0,-1.0,-1.0,-1.0,-1.0,-1,-1,-1.0,-1.0,-1.0,-1.0,-1.0,-1.0,-1.0
centralus_A_5,-1.0,-1.0,-1.0,-1.0,-1.0,-1.0,-1.0,-1.0,-1.0,-1.0,-1.0,-1.0,-1.0,-1.0,-1.0,-1.0,-1.0,-1.0,-1.0,-1.0,-1.0,-1.0,-1.0,-1.0,-1.0,-1.0,-1.0,-1.0,-1.0,-1.0,-1.0,-1.0,-1.0,-1.0,-1.0,-1.0,-1.0,-1.0,-1.0,-1.0,-1.0,-1.0,-1.0,-1.0,-1.0,-1.0,-1.0,-1.0,-1.0,-1.0,-1.0,-1.0,-1.0,-1.0,-1.0,-1.0,-1.0,-1,-1,-1.0,-1.0,-1.0,-1.0,-1.0,-1.0,-1.0,-1.0,-1.0,-1,-1,-1.0,-1.0,-1.0,-1.0,-1.0,-1.0,-1.0
centralus_A_6,-1.0,-1.0,-1.0,-1.0,-1.0,-1.0,-1.0,-1.0,-1.0,-1.0,-1.0,-1.0,-1.0,-1.0,-1.0,-1.0,-1.0,-1.0,-1.0,-1.0,-1.0,-1.0,-1.0,-1.0,-1.0,-1.0,-1.0,-1.0,-1.0,-1.0,-1.0,-1.0,-1.0,-1.0,-1.0,-1.0,-1.0,-1.0,-1.0,-1.0,-1.0,-1.0,-1.0,-1.0,-1.0,-1.0,-1.0,-1.0,-1.0,-1.0,-1.0,-1.0,-1.0,-1.0,-1.0,-1.0,-1.0,-1,-1,-1.0,-1.0,-1.0,-1.0,-1.0,-1.0,-1.0,-1.0,-1.0,-1,-1,-1.0,-1.0,-1.0,-1.0,-1.0,-1.0,-1.0
centralus_B_0,0.0,0.0,0.0,0.0,0.0,0.0,0.0,0.0,0.0,0.0,0.0,1.0071041954338256,0.012304827438284704,1.0,1.0284167817353023,1.0,1.0,1.0198917472147115,1.024154264475007,1.0275642782832433,1.0283315313900965,1.0070297219495792,1.1893956891774393,0.031153749215865948,1.1570569005105078,1.2407039540937674,1.179910951052741,1.179910951052741,1.2235046024233625,1.232104278258565,1.238984018926727,1.2405319605770635,1.188993285603477,-0.003646646271394834,0.001878505027771486,-0.00563510848504326,-0.0012555486875628576,-0.0038479639564866094,-0.0038479639564866094,-0.0015901895529193122,-0.0014228691202410853,-0.0012890127740985034,-0.0012588950962164217,,0.0,0.0,0.0,0.0,0.0,0.0,0.0,0.0,0.0,0.0,0.0,509.25,154.66799119404118,366,767,452.0,452.0,682.4000000000001,724.6999999999999,758.54,766.1540000000001,488.71768252728964,467.0,292.46623736766605,210,937,360.5,360.5,802.3000000000001,869.6499999999999,923.5299999999999,935.6530000000001,386.7529697256185
centralus_B_1,0.0,0.0,0.0,0.0,0.0,0.0,0.0,0.0,0.0,0.0,0.0,1.0130870350301109,0.018385505117584005,1.0,1.046958467956216,1.0,1.0,1.035565763651465,1.0412621158038404,1.045819197525741,1.0468445409131686,1.0129222499283297,1.1871222265036336,0.07322294158938561,1.079768349560041,1.2873073611242631,1.1737559109803897,1.1737559109803897,1.2710513859704975,1.2791793735473802,1.2856817636088866,1.2871448013727256,1.1848547330112458,-0.005951687689642889,0.008290789888834905,-0.02249517394916752,-0.0012491657547493477,-0.0016257007077290716,-0.0016257007077290716,-0.0013538691059595913,-0.0013015174303544696,-0.001259636089870372,-0.00125021278826145,,0.0,0.0,0.0,0.0,0.0,0.0,0.0,0.0,0.0,0.0,0.0,470.0,358.6034021032148,63,978,367.0,367.0,904.4,941.1999999999999,970.64,977.2640000000001,305.41160637152336,603.8,341.1230862899783,48,998,722.0,722.0,939.6,968.8,992.16,997.416,411.21059257660113
centralus_B_2,0.0,0.0,0.0,0.0,0.0,0.0,0.0,0.0,0.0,0.0,0.0,1.0,0.0,1.0,1.0,1.0,1.0,1.0,1.0,1.0,1.0,1.0,1.164108616778094,0.0,1.164108616778094,1.164108616778094,1.164108616778094,1.164108616778094,1.164108616778094,1.164108616778094,1.164108616778094,1.164108616778094,1.164108616778094,-0.00194018102796349,0.0,-0.00194018102796349,-0.00194018102796349,-0.00194018102796349,-0.00194018102796349,-0.00194018102796349,-0.00194018102796349,-0.00194018102796349,-0.00194018102796349,,0.0,0.0,0.0,0.0,0.0,0.0,0.0,0.0,0.0,0.0,0.0,443.0,0.0,443,443,443.0,443.0,443.0,443.0,443.0,443.0,443.0,600.0,0.0,600,600,600.0,600.0,600.0,600.0,600.0,600.0,600.0
centralus_B_3,-1.0,-1.0,-1.0,-1.0,-1.0,-1.0,-1.0,-1.0,-1.0,-1.0,-1.0,-1.0,-1.0,-1.0,-1.0,-1.0,-1.0,-1.0,-1.0,-1.0,-1.0,-1.0,-1.0,-1.0,-1.0,-1.0,-1.0,-1.0,-1.0,-1.0,-1.0,-1.0,-1.0,-1.0,-1.0,-1.0,-1.0,-1.0,-1.0,-1.0,-1.0,-1.0,-1.0,-1.0,-1.0,-1.0,-1.0,-1.0,-1.0,-1.0,-1.0,-1.0,-1.0,-1.0,-1.0,-1.0,-1.0,-1,-1,-1.0,-1.0,-1.0,-1.0,-1.0,-1.0,-1.0,-1.0,-1.0,-1,-1,-1.0,-1.0,-1.0,-1.0,-1.0,-1.0,-1.0
centralus_B_4,-1.0,-1.0,-1.0,-1.0,-1.0,-1.0,-1.0,-1.0,-1.0,-1.0,-1.0,-1.0,-1.0,-1.0,-1.0,-1.0,-1.0,-1.0,-1.0,-1.0,-1.0,-1.0,-1.0,-1.0,-1.0,-1.0,-1.0,-1.0,-1.0,-1.0,-1.0,-1.0,-1.0,-1.0,-1.0,-1.0,-1.0,-1.0,-1.0,-1.0,-1.0,-1.0,-1.0,-1.0,-1.0,-1.0,-1.0,-1.0,-1.0,-1.0,-1.0,-1.0,-1.0,-1.0,-1.0,-1.0,-1.0,-1,-1,-1.0,-1.0,-1.0,-1.0,-1.0,-1.0,-1.0,-1.0,-1.0,-1,-1,-1.0,-1.0,-1.0,-1.0,-1.0,-1.0,-1.0
centralus_B_5,-1.0,-1.0,-1.0,-1.0,-1.0,-1.0,-1.0,-1.0,-1.0,-1.0,-1.0,-1.0,-1.0,-1.0,-1.0,-1.0,-1.0,-1.0,-1.0,-1.0,-1.0,-1.0,-1.0,-1.0,-1.0,-1.0,-1.0,-1.0,-1.0,-1.0,-1.0,-1.0,-1.0,-1.0,-1.0,-1.0,-1.0,-1.0,-1.0,-1.0,-1.0,-1.0,-1.0,-1.0,-1.0,-1.0,-1.0,-1.0,-1.0,-1.0,-1.0,-1.0,-1.0,-1.0,-1.0,-1.0,-1.0,-1,-1,-1.0,-1.0,-1.0,-1.0,-1.0,-1.0,-1.0,-1.0,-1.0,-1,-1,-1.0,-1.0,-1.0,-1.0,-1.0,-1.0,-1.0
centralus_B_6,-1.0,-1.0,-1.0,-1.0,-1.0,-1.0,-1.0,-1.0,-1.0,-1.0,-1.0,-1.0,-1.0,-1.0,-1.0,-1.0,-1.0,-1.0,-1.0,-1.0,-1.0,-1.0,-1.0,-1.0,-1.0,-1.0,-1.0,-1.0,-1.0,-1.0,-1.0,-1.0,-1.0,-1.0,-1.0,-1.0,-1.0,-1.0,-1.0,-1.0,-1.0,-1.0,-1.0,-1.0,-1.0,-1.0,-1.0,-1.0,-1.0,-1.0,-1.0,-1.0,-1.0,-1.0,-1.0,-1.0,-1.0,-1,-1,-1.0,-1.0,-1.0,-1.0,-1.0,-1.0,-1.0,-1.0,-1.0,-1,-1,-1.0,-1.0,-1.0,-1.0,-1.0,-1.0,-1.0
centralus_C_0,0.0,0.0,0.0,0.0,0.0,0.0,0.0,0.0,0.0,0.0,0.0,2.540057199195457,2.8022911807011295,1.0,15.487530696582496,1.0073031825540255,1.0073031825540255,7.18654734384129,9.184554276200998,11.890720901180158,15.124628291180619,1.7041744159741294,2.550105711003053,2.802294957547513,1.010028706789015,15.497602470230731,1.0173441094264177,1.0173441094264177,7.196608236362045,9.19460171160658,11.900785157877893,15.134699049729926,1.7167978265516572,-0.025548352497609353,0.20335135841406532,-3.9719718880457435,-0.000992174064566743,-0.003214877715156412,-0.003214877715156412,-0.0011525314192898475,-0.0010673368514154756,-0.0010175019934512098,-0.0009925138870198879,,1.6891252781602861,2.9547260213953246,0.0,11.100882537484154,0.0,0.0,6.015890489386034,9.22542333844674,10.620244916594475,10.961378533312326,0.0,520.5575,293.9975453872872,3,1024,523.0,523.0,917.3000000000001,967.0,1009.03,1024.0,391.4621952322622,521.9125,298.59505997881143,1,1024,529.5,529.5,929.5000000000001,977.05,1018.0,1022.4040000000002,371.59662734110725
centralus_C_1,-1.0,-1.0,-1.0,-1.0,-1.0,-1.0,-1.0,-1.0,-1.0,-1.0,-1.0,-1.0,-1.0,-1.0,-1.0,-1.0,-1.0,-1.0,-1.0,-1.0,-1.0,-1.0,-1.0,-1.0,-1.0,-1.0,-1.0,-1.0,-1.0,-1.0,-1.0,-1.0,-1.0,-1.0,-1.0,-1.0,-1.0,-1.0,-1.0,-1.0,-1.0,-1.0,-1.0,-1.0,-1.0,-1.0,-1.0,-1.0,-1.0,-1.0,-1.0,-1.0,-1.0,-1.0,-1.0,-1.0,-1.0,-1,-1,-1.0,-1.0,-1.0,-1.0,-1.0,-1.0,-1.0,-1.0,-1.0,-1,-1,-1.0,-1.0,-1.0,-1.0,-1.0,-1.0,-1.0
centralus_C_2,-1.0,-1.0,-1.0,-1.0,-1.0,-1.0,-1.0,-1.0,-1.0,-1.0,-1.0,-1.0,-1.0,-1.0,-1.0,-1.0,-1.0,-1.0,-1.0,-1.0,-1.0,-1.0,-1.0,-1.0,-1.0,-1.0,-1.0,-1.0,-1.0,-1.0,-1.0,-1.0,-1.0,-1.0,-1.0,-1.0,-1.0,-1.0,-1.0,-1.0,-1.0,-1.0,-1.0,-1.0,-1.0,-1.0,-1.0,-1.0,-1.0,-1.0,-1.0,-1.0,-1.0,-1.0,-1.0,-1.0,-1.0,-1,-1,-1.0,-1.0,-1.0,-1.0,-1.0,-1.0,-1.0,-1.0,-1.0,-1,-1,-1.0,-1.0,-1.0,-1.0,-1.0,-1.0,-1.0
centralus_C_3,-1.0,-1.0,-1.0,-1.0,-1.0,-1.0,-1.0,-1.0,-1.0,-1.0,-1.0,-1.0,-1.0,-1.0,-1.0,-1.0,-1.0,-1.0,-1.0,-1.0,-1.0,-1.0,-1.0,-1.0,-1.0,-1.0,-1.0,-1.0,-1.0,-1.0,-1.0,-1.0,-1.0,-1.0,-1.0,-1.0,-1.0,-1.0,-1.0,-1.0,-1.0,-1.0,-1.0,-1.0,-1.0,-1.0,-1.0,-1.0,-1.0,-1.0,-1.0,-1.0,-1.0,-1.0,-1.0,-1.0,-1.0,-1,-1,-1.0,-1.0,-1.0,-1.0,-1.0,-1.0,-1.0,-1.0,-1.0,-1,-1,-1.0,-1.0,-1.0,-1.0,-1.0,-1.0,-1.0
centralus_C_4,-1.0,-1.0,-1.0,-1.0,-1.0,-1.0,-1.0,-1.0,-1.0,-1.0,-1.0,-1.0,-1.0,-1.0,-1.0,-1.0,-1.0,-1.0,-1.0,-1.0,-1.0,-1.0,-1.0,-1.0,-1.0,-1.0,-1.0,-1.0,-1.0,-1.0,-1.0,-1.0,-1.0,-1.0,-1.0,-1.0,-1.0,-1.0,-1.0,-1.0,-1.0,-1.0,-1.0,-1.0,-1.0,-1.0,-1.0,-1.0,-1.0,-1.0,-1.0,-1.0,-1.0,-1.0,-1.0,-1.0,-1.0,-1,-1,-1.0,-1.0,-1.0,-1.0,-1.0,-1.0,-1.0,-1.0,-1.0,-1,-1,-1.0,-1.0,-1.0,-1.0,-1.0,-1.0,-1.0
centralus_C_5,-1.0,-1.0,-1.0,-1.0,-1.0,-1.0,-1.0,-1.0,-1.0,-1.0,-1.0,-1.0,-1.0,-1.0,-1.0,-1.0,-1.0,-1.0,-1.0,-1.0,-1.0,-1.0,-1.0,-1.0,-1.0,-1.0,-1.0,-1.0,-1.0,-1.0,-1.0,-1.0,-1.0,-1.0,-1.0,-1.0,-1.0,-1.0,-1.0,-1.0,-1.0,-1.0,-1.0,-1.0,-1.0,-1.0,-1.0,-1.0,-1.0,-1.0,-1.0,-1.0,-1.0,-1.0,-1.0,-1.0,-1.0,-1,-1,-1.0,-1.0,-1.0,-1.0,-1.0,-1.0,-1.0,-1.0,-1.0,-1,-1,-1.0,-1.0,-1.0,-1.0,-1.0,-1.0,-1.0
centralus_C_6,-1.0,-1.0,-1.0,-1.0,-1.0,-1.0,-1.0,-1.0,-1.0,-1.0,-1.0,-1.0,-1.0,-1.0,-1.0,-1.0,-1.0,-1.0,-1.0,-1.0,-1.0,-1.0,-1.0,-1.0,-1.0,-1.0,-1.0,-1.0,-1.0,-1.0,-1.0,-1.0,-1.0,-1.0,-1.0,-1.0,-1.0,-1.0,-1.0,-1.0,-1.0,-1.0,-1.0,-1.0,-1.0,-1.0,-1.0,-1.0,-1.0,-1.0,-1.0,-1.0,-1.0,-1.0,-1.0,-1.0,-1.0,-1,-1,-1.0,-1.0,-1.0,-1.0,-1.0,-1.0,-1.0,-1.0,-1.0,-1,-1,-1.0,-1.0,-1.0,-1.0,-1.0,-1.0,-1.0
centralus_D_0,0.0,0.0,0.0,0.0,0.0,0.0,0.0,0.0,0.0,0.0,0.0,1.1266567166144787,0.4361991892173935,1.0,5.072277646180169,1.0071922431904454,1.0071922431904454,1.2035525929599835,2.0104420615748806,3.146989957219938,4.564133346330808,1.083057561923143,1.1366937860522228,0.4362003534431707,1.0100269646495548,5.082317718272861,1.0172353701238421,1.0172353701238421,1.2135906428363747,2.0204895982407662,3.157044516803092,4.574172114461213,1.0933189368060168,-0.006808263165093629,0.021946497171594137,-0.3390042488239449,-0.0009915257830233565,-0.0020869240621622306,-0.0020869240621622306,-0.0011096159196875783,-0.001043675258073767,-0.0009988458086129175,-0.0009936238803646587,,0.08927908298915388,0.3321253708244787,0.0,3.281403835237029,0.0,0.0,0.17479378196074508,0.6573521899457939,1.7863345676953846,2.580446830566875,0.0,511.1992574257426,296.35766815572043,3,1023,512.5,512.5,926.6000000000001,973.0,1012.8599999999999,1022.1930000000001,380.0648760906054,519.085396039604,296.84975345005427,3,1020,529.0,529.0,943.3000000000001,978.3,1017.0,1020.0,383.523059516536
centralus_D_1,-1.0,-1.0,-1.0,-1.0,-1.0,-1.0,-1.0,-1.0,-1.0,-1.0,-1.0,-1.0,-1.0,-1.0,-1.0,-1.0,-1.0,-1.0,-1.0,-1.0,-1.0,-1.0,-1.0,-1.0,-1.0,-1.0,-1.0,-1.0,-1.0,-1.0,-1.0,-1.0,-1.0,-1.0,-1.0,-1.0,-1.0,-1.0,-1.0,-1.0,-1.0,-1.0,-1.0,-1.0,-1.0,-1.0,-1.0,-1.0,-1.0,-1.0,-1.0,-1.0,-1.0,-1.0,-1.0,-1.0,-1.0,-1,-1,-1.0,-1.0,-1.0,-1.0,-1.0,-1.0,-1.0,-1.0,-1.0,-1,-1,-1.0,-1.0,-1.0,-1.0,-1.0,-1.0,-1.0
centralus_D_2,-1.0,-1.0,-1.0,-1.0,-1.0,-1.0,-1.0,-1.0,-1.0,-1.0,-1.0,-1.0,-1.0,-1.0,-1.0,-1.0,-1.0,-1.0,-1.0,-1.0,-1.0,-1.0,-1.0,-1.0,-1.0,-1.0,-1.0,-1.0,-1.0,-1.0,-1.0,-1.0,-1.0,-1.0,-1.0,-1.0,-1.0,-1.0,-1.0,-1.0,-1.0,-1.0,-1.0,-1.0,-1.0,-1.0,-1.0,-1.0,-1.0,-1.0,-1.0,-1.0,-1.0,-1.0,-1.0,-1.0,-1.0,-1,-1,-1.0,-1.0,-1.0,-1.0,-1.0,-1.0,-1.0,-1.0,-1.0,-1,-1,-1.0,-1.0,-1.0,-1.0,-1.0,-1.0,-1.0
centralus_D_3,-1.0,-1.0,-1.0,-1.0,-1.0,-1.0,-1.0,-1.0,-1.0,-1.0,-1.0,-1.0,-1.0,-1.0,-1.0,-1.0,-1.0,-1.0,-1.0,-1.0,-1.0,-1.0,-1.0,-1.0,-1.0,-1.0,-1.0,-1.0,-1.0,-1.0,-1.0,-1.0,-1.0,-1.0,-1.0,-1.0,-1.0,-1.0,-1.0,-1.0,-1.0,-1.0,-1.0,-1.0,-1.0,-1.0,-1.0,-1.0,-1.0,-1.0,-1.0,-1.0,-1.0,-1.0,-1.0,-1.0,-1.0,-1,-1,-1.0,-1.0,-1.0,-1.0,-1.0,-1.0,-1.0,-1.0,-1.0,-1,-1,-1.0,-1.0,-1.0,-1.0,-1.0,-1.0,-1.0
centralus_D_4,-1.0,-1.0,-1.0,-1.0,-1.0,-1.0,-1.0,-1.0,-1.0,-1.0,-1.0,-1.0,-1.0,-1.0,-1.0,-1.0,-1.0,-1.0,-1.0,-1.0,-1.0,-1.0,-1.0,-1.0,-1.0,-1.0,-1.0,-1.0,-1.0,-1.0,-1.0,-1.0,-1.0,-1.0,-1.0,-1.0,-1.0,-1.0,-1.0,-1.0,-1.0,-1.0,-1.0,-1.0,-1.0,-1.0,-1.0,-1.0,-1.0,-1.0,-1.0,-1.0,-1.0,-1.0,-1.0,-1.0,-1.0,-1,-1,-1.0,-1.0,-1.0,-1.0,-1.0,-1.0,-1.0,-1.0,-1.0,-1,-1,-1.0,-1.0,-1.0,-1.0,-1.0,-1.0,-1.0
centralus_D_5,-1.0,-1.0,-1.0,-1.0,-1.0,-1.0,-1.0,-1.0,-1.0,-1.0,-1.0,-1.0,-1.0,-1.0,-1.0,-1.0,-1.0,-1.0,-1.0,-1.0,-1.0,-1.0,-1.0,-1.0,-1.0,-1.0,-1.0,-1.0,-1.0,-1.0,-1.0,-1.0,-1.0,-1.0,-1.0,-1.0,-1.0,-1.0,-1.0,-1.0,-1.0,-1.0,-1.0,-1.0,-1.0,-1.0,-1.0,-1.0,-1.0,-1.0,-1.0,-1.0,-1.0,-1.0,-1.0,-1.0,-1.0,-1,-1,-1.0,-1.0,-1.0,-1.0,-1.0,-1.0,-1.0,-1.0,-1.0,-1,-1,-1.0,-1.0,-1.0,-1.0,-1.0,-1.0,-1.0
centralus_D_6,-1.0,-1.0,-1.0,-1.0,-1.0,-1.0,-1.0,-1.0,-1.0,-1.0,-1.0,-1.0,-1.0,-1.0,-1.0,-1.0,-1.0,-1.0,-1.0,-1.0,-1.0,-1.0,-1.0,-1.0,-1.0,-1.0,-1.0,-1.0,-1.0,-1.0,-1.0,-1.0,-1.0,-1.0,-1.0,-1.0,-1.0,-1.0,-1.0,-1.0,-1.0,-1.0,-1.0,-1.0,-1.0,-1.0,-1.0,-1.0,-1.0,-1.0,-1.0,-1.0,-1.0,-1.0,-1.0,-1.0,-1.0,-1,-1,-1.0,-1.0,-1.0,-1.0,-1.0,-1.0,-1.0,-1.0,-1.0,-1,-1,-1.0,-1.0,-1.0,-1.0,-1.0,-1.0,-1.0
eastus_A_0,0.0,0.0,0.0,0.0,0.0,0.0,0.0,0.0,0.0,0.0,0.0,6.6375833932619575,12.896064669681063,1.0,52.312942123856175,1.0503972526261123,1.0503972526261123,24.538695401405235,39.76552732193804,48.708037200987114,51.9524516315693,2.002519209456913,6.7485864544552605,12.89824253544452,1.0752371409378298,52.4061111153774,1.1363650399512863,1.1363650399512863,24.690023741066085,39.86849903354701,48.80264228472793,52.045764232312486,2.1668379607397688,-0.024882762820334487,0.06342711704906104,-0.3470603385124331,-0.00116497134370397,-0.004299077005297142,-0.004299077005297142,-0.0012953617899596431,-0.0012566427646160182,-0.0011749219288410614,-0.001165966402217679,,5.216043068641027,11.478366212603234,0.0,36.54737090622692,0.0,0.0,28.8157203184918,30.77497726142189,36.41776826581007,36.534410642185236,0.0,469.44444444444446,257.1696850594569,27,932,519.5,519.5,778.0,863.5,931.65,931.965,367.379944829838,512.1666666666666,304.1821913846298,6,990,567.5,567.5,879.0,907.5,966.8999999999999,987.6900000000003,362.86351176496555
eastus_A_1,0.0,0.0,0.0,0.0,0.0,0.0,0.0,0.0,0.0,0.0,0.0,10.06518569237904,14.347134821973428,1.0,49.60746880568365,1.037910891308698,1.037910891308698,33.012419699008376,38.61052124895848,47.18315233380535,49.36503715849584,3.0600167079034453,10.18834781030841,14.347077182015203,1.0741031198392648,49.688225857306975,1.185243084427043,1.185243084427043,33.13041020727093,38.72778222533485,47.27013677744701,49.44641694932099,3.291106629609634,-0.04083157766120043,0.08878274172905759,-0.4510095936242872,-0.0012134786165256958,-0.0029049381077225107,-0.0029049381077225107,-0.0014770674648019507,-0.001315975479926414,-0.0012260520551548532,-0.0012147359603886115,,2.1255509915373043,5.815261949627199,0.0,25.23965401939634,0.0,0.0,7.861100574791152,13.684624913641457,22.50535816729507,24.96622443418623,0.0,517.4230769230769,307.84238887868014,15,1007,489.5,489.5,899.0,955.5,998.75,1006.1750000000001,360.23486229300977,506.0769230769231,261.51554198216377,23,966,470.0,470.0,860.0,954.75,964.0,965.8,394.70102864688715
eastus_A_2,-1.0,-1.0,-1.0,-1.0,-1.0,-1.0,-1.0,-1.0,-1.0,-1.0,-1.0,-1.0,-1.0,-1.0,-1.0,-1.0,-1.0,-1.0,-1.0,-1.0,-1.0,-1.0,-1.0,-1.0,-1.0,-1.0,-1.0,-1.0,-1.0,-1.0,-1.0,-1.0,-1.0,-1.0,-1.0,-1.0,-1.0,-1.0,-1.0,-1.0,-1.0,-1.0,-1.0,-1.0,-1.0,-1.0,-1.0,-1.0,-1.0,-1.0,-1.0,-1.0,-1.0,-1.0,-1.0,-1.0,-1.0,-1,-1,-1.0,-1.0,-1.0,-1.0,-1.0,-1.0,-1.0,-1.0,-1.0,-1,-1,-1.0,-1.0,-1.0,-1.0,-1.0,-1.0,-1.0
eastus_A_3,-1.0,-1.0,-1.0,-1.0,-1.0,-1.0,-1.0,-1.0,-1.0,-1.0,-1.0,-1.0,-1.0,-1.0,-1.0,-1.0,-1.0,-1.0,-1.0,-1.0,-1.0,-1.0,-1.0,-1.0,-1.0,-1.0,-1.0,-1.0,-1.0,-1.0,-1.0,-1.0,-1.0,-1.0,-1.0,-1.0,-1.0,-1.0,-1.0,-1.0,-1.0,-1.0,-1.0,-1.0,-1.0,-1.0,-1.0,-1.0,-1.0,-1.0,-1.0,-1.0,-1.0,-1.0,-1.0,-1.0,-1.0,-1,-1,-1.0,-1.0,-1.0,-1.0,-1.0,-1.0,-1.0,-1.0,-1.0,-1,-1,-1.0,-1.0,-1.0,-1.0,-1.0,-1.0,-1.0
eastus_A_4,-1.0,-1.0,-1.0,-1.0,-1.0,-1.0,-1.0,-1.0,-1.0,-1.0,-1.0,-1.0,-1.0,-1.0,-1.0,-1.0,-1.0,-1.0,-1.0,-1.0,-1.0,-1.0,-1.0,-1.0,-1.0,-1.0,-1.0,-1.0,-1.0,-1.0,-1.0,-1.0,-1.0,-1.0,-1.0,-1.0,-1.0,-1.0,-1.0,-1.0,-1.0,-1.0,-1.0,-1.0,-1.0,-1.0,-1.0,-1.0,-1.0,-1.0,-1.0,-1.0,-1.0,-1.0,-1.0,-1.0,-1.0,-1,-1,-1.0,-1.0,-1.0,-1.0,-1.0,-1.0,-1.0,-1.0,-1.0,-1,-1,-1.0,-1.0,-1.0,-1.0,-1.0,-1.0,-1.0
eastus_A_5,-1.0,-1.0,-1.0,-1.0,-1.0,-1.0,-1.0,-1.0,-1.0,-1.0,-1.0,-1.0,-1.0,-1.0,-1.0,-1.0,-1.0,-1.0,-1.0,-1.0,-1.0,-1.0,-1.0,-1.0,-1.0,-1.0,-1.0,-1.0,-1.0,-1.0,-1.0,-1.0,-1.0,-1.0,-1.0,-1.0,-1.0,-1.0,-1.0,-1.0,-1.0,-1.0,-1.0,-1.0,-1.0,-1.0,-1.0,-1.0,-1.0,-1.0,-1.0,-1.0,-1.0,-1.0,-1.0,-1.0,-1.0,-1,-1,-1.0,-1.0,-1.0,-1.0,-1.0,-1.0,-1.0,-1.0,-1.0,-1,-1,-1.0,-1.0,-1.0,-1.0,-1.0,-1.0,-1.0
eastus_A_6,-1.0,-1.0,-1.0,-1.0,-1.0,-1.0,-1.0,-1.0,-1.0,-1.0,-1.0,-1.0,-1.0,-1.0,-1.0,-1.0,-1.0,-1.0,-1.0,-1.0,-1.0,-1.0,-1.0,-1.0,-1.0,-1.0,-1.0,-1.0,-1.0,-1.0,-1.0,-1.0,-1.0,-1.0,-1.0,-1.0,-1.0,-1.0,-1.0,-1.0,-1.0,-1.0,-1.0,-1.0,-1.0,-1.0,-1.0,-1.0,-1.0,-1.0,-1.0,-1.0,-1.0,-1.0,-1.0,-1.0,-1.0,-1,-1,-1.0,-1.0,-1.0,-1.0,-1.0,-1.0,-1.0,-1.0,-1.0,-1,-1,-1.0,-1.0,-1.0,-1.0,-1.0,-1.0,-1.0
eastus_B_0,0.0,0.0,0.0,0.0,0.0,0.0,0.0,0.0,0.0,0.0,0.0,1.0078213507569802,0.0131695638002661,1.0,1.0385716338631426,1.0002560354943881,1.0002560354943881,1.022437658699411,1.0305046462812768,1.0369582363467693,1.0384102941115052,1.007736553791148,1.179313628439743,0.05164746960824334,1.115334245927226,1.254651871915783,1.1742810516917928,1.1742810516917928,1.2453554704665166,1.2500036711911497,1.2537222317708565,1.2545589079012904,1.1781870040236635,-0.004389310049433303,0.003765824655989574,-0.011806743006764991,-0.0012094349208904805,-0.0028552024642864954,-0.0028552024642864954,-0.0012095880112589423,-0.0012095114660747115,-0.0012094502299273267,-0.0012094364517941652,,0.0,0.0,0.0,0.0,0.0,0.0,0.0,0.0,0.0,0.0,0.0,451.14285714285717,225.96866316968354,181,760,425.0,425.0,730.6,745.3,757.06,759.706,389.7986572092842,515.5714285714286,335.2976746299397,97,997,434.0,434.0,952.0,974.5,992.5,996.5500000000001,384.5704069822603
eastus_B_1,0.0,0.0,0.0,0.0,0.0,0.0,0.0,0.0,0.0,0.0,0.0,1.0,0.0,1.0,1.0,1.0,1.0,1.0,1.0,1.0,1.0,1.0,1.2112380359756258,0.044485025597168715,1.1667530103784571,1.2557230615727946,1.2112380359756258,1.2112380359756258,1.2468260564533609,1.2512745590130776,1.254833361060851,1.2556340915216002,1.2104208616393353,-0.021535050159723377,0.014925981414603407,-0.036461031574326785,-0.006609068745119971,-0.021535050159723377,-0.021535050159723377,-0.00959426502804065,-0.008101666886580313,-0.006907588373412039,-0.0066389207079491745,,0.0,0.0,0.0,0.0,0.0,0.0,0.0,0.0,0.0,0.0,0.0,643.5,191.5,452,835,643.5,643.5,796.7,815.85,831.17,834.6170000000001,614.3451798459888,111.0,79.0,32,190,111.0,111.0,174.2,182.1,188.42,189.842,77.97435475847169
eastus_B_2,-1.0,-1.0,-1.0,-1.0,-1.0,-1.0,-1.0,-1.0,-1.0,-1.0,-1.0,-1.0,-1.0,-1.0,-1.0,-1.0,-1.0,-1.0,-1.0,-1.0,-1.0,-1.0,-1.0,-1.0,-1.0,-1.0,-1.0,-1.0,-1.0,-1.0,-1.0,-1.0,-1.0,-1.0,-1.0,-1.0,-1.0,-1.0,-1.0,-1.0,-1.0,-1.0,-1.0,-1.0,-1.0,-1.0,-1.0,-1.0,-1.0,-1.0,-1.0,-1.0,-1.0,-1.0,-1.0,-1.0,-1.0,-1,-1,-1.0,-1.0,-1.0,-1.0,-1.0,-1.0,-1.0,-1.0,-1.0,-1,-1,-1.0,-1.0,-1.0,-1.0,-1.0,-1.0,-1.0
eastus_B_3,-1.0,-1.0,-1.0,-1.0,-1.0,-1.0,-1.0,-1.0,-1.0,-1.0,-1.0,-1.0,-1.0,-1.0,-1.0,-1.0,-1.0,-1.0,-1.0,-1.0,-1.0,-1.0,-1.0,-1.0,-1.0,-1.0,-1.0,-1.0,-1.0,-1.0,-1.0,-1.0,-1.0,-1.0,-1.0,-1.0,-1.0,-1.0,-1.0,-1.0,-1.0,-1.0,-1.0,-1.0,-1.0,-1.0,-1.0,-1.0,-1.0,-1.0,-1.0,-1.0,-1.0,-1.0,-1.0,-1.0,-1.0,-1,-1,-1.0,-1.0,-1.0,-1.0,-1.0,-1.0,-1.0,-1.0,-1.0,-1,-1,-1.0,-1.0,-1.0,-1.0,-1.0,-1.0,-1.0
eastus_B_4,-1.0,-1.0,-1.0,-1.0,-1.0,-1.0,-1.0,-1.0,-1.0,-1.0,-1.0,-1.0,-1.0,-1.0,-1.0,-1.0,-1.0,-1.0,-1.0,-1.0,-1.0,-1.0,-1.0,-1.0,-1.0,-1.0,-1.0,-1.0,-1.0,-1.0,-1.0,-1.0,-1.0,-1.0,-1.0,-1.0,-1.0,-1.0,-1.0,-1.0,-1.0,-1.0,-1.0,-1.0,-1.0,-1.0,-1.0,-1.0,-1.0,-1.0,-1.0,-1.0,-1.0,-1.0,-1.0,-1.0,-1.0,-1,-1,-1.0,-1.0,-1.0,-1.0,-1.0,-1.0,-1.0,-1.0,-1.0,-1,-1,-1.0,-1.0,-1.0,-1.0,-1.0,-1.0,-1.0
eastus_B_5,-1.0,-1.0,-1.0,-1.0,-1.0,-1.0,-1.0,-1.0,-1.0,-1.0,-1.0,-1.0,-1.0,-1.0,-1.0,-1.0,-1.0,-1.0,-1.0,-1.0,-1.0,-1.0,-1.0,-1.0,-1.0,-1.0,-1.0,-1.0,-1.0,-1.0,-1.0,-1.0,-1.0,-1.0,-1.0,-1.0,-1.0,-1.0,-1.0,-1.0,-1.0,-1.0,-1.0,-1.0,-1.0,-1.0,-1.0,-1.0,-1.0,-1.0,-1.0,-1.0,-1.0,-1.0,-1.0,-1.0,-1.0,-1,-1,-1.0,-1.0,-1.0,-1.0,-1.0,-1.0,-1.0,-1.0,-1.0,-1,-1,-1.0,-1.0,-1.0,-1.0,-1.0,-1.0,-1.0
eastus_B_6,-1.0,-1.0,-1.0,-1.0,-1.0,-1.0,-1.0,-1.0,-1.0,-1.0,-1.0,-1.0,-1.0,-1.0,-1.0,-1.0,-1.0,-1.0,-1.0,-1.0,-1.0,-1.0,-1.0,-1.0,-1.0,-1.0,-1.0,-1.0,-1.0,-1.0,-1.0,-1.0,-1.0,-1.0,-1.0,-1.0,-1.0,-1.0,-1.0,-1.0,-1.0,-1.0,-1.0,-1.0,-1.0,-1.0,-1.0,-1.0,-1.0,-1.0,-1.0,-1.0,-1.0,-1.0,-1.0,-1.0,-1.0,-1,-1,-1.0,-1.0,-1.0,-1.0,-1.0,-1.0,-1.0,-1.0,-1.0,-1,-1,-1.0,-1.0,-1.0,-1.0,-1.0,-1.0,-1.0
eastus_C_0,0.0,0.0,0.0,0.0,0.0,0.0,0.0,0.0,0.0,0.0,0.0,2.4694441804895386,2.7474709811824276,1.0,14.332927510685863,1.0076115614419479,1.0076115614419479,6.88360793607427,9.381721489492932,11.638201823567947,13.529723595958743,1.654536455875407,2.4794931413493444,2.7474740235954362,1.0100287200398768,14.342994728606527,1.0176735911811363,1.0176735911811363,6.893644920134847,9.391773201675036,11.648244973047278,13.539791748395213,1.667053691464125,-0.012089219211657357,0.0360437878324047,-0.45252373190561235,-0.0009955879475322298,-0.003014214402402348,-0.003014214402402348,-0.001157590961254914,-0.0010672189468221341,-0.0010175599328172296,-0.0010018981500817265,,1.723101408877807,2.932774844580642,0.0,10.882361227691149,0.0,0.0,7.123794699251647,8.51684668574482,10.212047109901185,10.820410436364828,0.0,529.3817733990148,292.56291405878727,1,1021,530.5,530.5,927.5,987.75,1014.0,1019.7850000000001,398.25481526977876,525.4458128078818,296.5113090985808,6,1020,539.0,539.0,937.5,969.25,1005.9,1019.595,395.51839619811824
eastus_C_1,-1.0,-1.0,-1.0,-1.0,-1.0,-1.0,-1.0,-1.0,-1.0,-1.0,-1.0,-1.0,-1.0,-1.0,-1.0,-1.0,-1.0,-1.0,-1.0,-1.0,-1.0,-1.0,-1.0,-1.0,-1.0,-1.0,-1.0,-1.0,-1.0,-1.0,-1.0,-1.0,-1.0,-1.0,-1.0,-1.0,-1.0,-1.0,-1.0,-1.0,-1.0,-1.0,-1.0,-1.0,-1.0,-1.0,-1.0,-1.0,-1.0,-1.0,-1.0,-1.0,-1.0,-1.0,-1.0,-1.0,-1.0,-1,-1,-1.0,-1.0,-1.0,-1.0,-1.0,-1.0,-1.0,-1.0,-1.0,-1,-1,-1.0,-1.0,-1.0,-1.0,-1.0,-1.0,-1.0
eastus_C_2,-1.0,-1.0,-1.0,-1.0,-1.0,-1.0,-1.0,-1.0,-1.0,-1.0,-1.0,-1.0,-1.0,-1.0,-1.0,-1.0,-1.0,-1.0,-1.0,-1.0,-1.0,-1.0,-1.0,-1.0,-1.0,-1.0,-1.0,-1.0,-1.0,-1.0,-1.0,-1.0,-1.0,-1.0,-1.0,-1.0,-1.0,-1.0,-1.0,-1.0,-1.0,-1.0,-1.0,-1.0,-1.0,-1.0,-1.0,-1.0,-1.0,-1.0,-1.0,-1.0,-1.0,-1.0,-1.0,-1.0,-1.0,-1,-1,-1.0,-1.0,-1.0,-1.0,-1.0,-1.0,-1.0,-1.0,-1.0,-1,-1,-1.0,-1.0,-1.0,-1.0,-1.0,-1.0,-1.0
eastus_C_3,-1.0,-1.0,-1.0,-1.0,-1.0,-1.0,-1.0,-1.0,-1.0,-1.0,-1.0,-1.0,-1.0,-1.0,-1.0,-1.0,-1.0,-1.0,-1.0,-1.0,-1.0,-1.0,-1.0,-1.0,-1.0,-1.0,-1.0,-1.0,-1.0,-1.0,-1.0,-1.0,-1.0,-1.0,-1.0,-1.0,-1.0,-1.0,-1.0,-1.0,-1.0,-1.0,-1.0,-1.0,-1.0,-1.0,-1.0,-1.0,-1.0,-1.0,-1.0,-1.0,-1.0,-1.0,-1.0,-1.0,-1.0,-1,-1,-1.0,-1.0,-1.0,-1.0,-1.0,-1.0,-1.0,-1.0,-1.0,-1,-1,-1.0,-1.0,-1.0,-1.0,-1.0,-1.0,-1.0
eastus_C_4,-1.0,-1.0,-1.0,-1.0,-1.0,-1.0,-1.0,-1.0,-1.0,-1.0,-1.0,-1.0,-1.0,-1.0,-1.0,-1.0,-1.0,-1.0,-1.0,-1.0,-1.0,-1.0,-1.0,-1.0,-1.0,-1.0,-1.0,-1.0,-1.0,-1.0,-1.0,-1.0,-1.0,-1.0,-1.0,-1.0,-1.0,-1.0,-1.0,-1.0,-1.0,-1.0,-1.0,-1.0,-1.0,-1.0,-1.0,-1.0,-1.0,-1.0,-1.0,-1.0,-1.0,-1.0,-1.0,-1.0,-1.0,-1,-1,-1.0,-1.0,-1.0,-1.0,-1.0,-1.0,-1.0,-1.0,-1.0,-1,-1,-1.0,-1.0,-1.0,-1.0,-1.0,-1.0,-1.0
eastus_C_5,-1.0,-1.0,-1.0,-1.0,-1.0,-1.0,-1.0,-1.0,-1.0,-1.0,-1.0,-1.0,-1.0,-1.0,-1.0,-1.0,-1.0,-1.0,-1.0,-1.0,-1.0,-1.0,-1.0,-1.0,-1.0,-1.0,-1.0,-1.0,-1.0,-1.0,-1.0,-1.0,-1.0,-1.0,-1.0,-1.0,-1.0,-1.0,-1.0,-1.0,-1.0,-1.0,-1.0,-1.0,-1.0,-1.0,-1.0,-1.0,-1.0,-1.0,-1.0,-1.0,-1.0,-1.0,-1.0,-1.0,-1.0,-1,-1,-1.0,-1.0,-1.0,-1.0,-1.0,-1.0,-1.0,-1.0,-1.0,-1,-1,-1.0,-1.0,-1.0,-1.0,-1.0,-1.0,-1.0
eastus_C_6,-1.0,-1.0,-1.0,-1.0,-1.0,-1.0,-1.0,-1.0,-1.0,-1.0,-1.0,-1.0,-1.0,-1.0,-1.0,-1.0,-1.0,-1.0,-1.0,-1.0,-1.0,-1.0,-1.0,-1.0,-1.0,-1.0,-1.0,-1.0,-1.0,-1.0,-1.0,-1.0,-1.0,-1.0,-1.0,-1.0,-1.0,-1.0,-1.0,-1.0,-1.0,-1.0,-1.0,-1.0,-1.0,-1.0,-1.0,-1.0,-1.0,-1.0,-1.0,-1.0,-1.0,-1.0,-1.0,-1.0,-1.0,-1,-1,-1.0,-1.0,-1.0,-1.0,-1.0,-1.0,-1.0,-1.0,-1.0,-1,-1,-1.0,-1.0,-1.0,-1.0,-1.0,-1.0,-1.0
eastus_D_0,0.0,0.0,0.0,0.0,0.0,0.0,0.0,0.0,0.0,0.0,0.0,1.010670763258013,0.060086103519079566,1.0,1.9610466261709405,1.0066450367472157,1.0066450367472157,1.0087739483314722,1.0095985431606138,1.0106967181816422,1.9512995515767066,1.0094606005651565,1.020622284909416,0.060101769906825614,1.002931592997811,1.9710975193241609,1.0166790534598675,1.0166790534598675,1.0188068414723488,1.0196343917732726,1.0207281028088317,1.9613515248284503,1.0194196022503708,-0.010169476976059064,0.06577160267649275,-1.0202084149645145,-0.0009905715717282437,-0.0019825252873146076,-0.0019825252873146076,-0.001109142023669948,-0.001048788036591312,-0.0010027340234385284,-0.0009932367777615108,,0.008110255928201894,0.06751569829624428,0.0,1.0273358904673557,0.0,0.0,0.0,0.0,0.3382683848987309,0.7952189756011097,0.0,510.56479217603913,291.7467859673305,1,1024,504.5,504.5,901.6000000000001,968.15,1013.6600000000001,1024.0,379.97895929950164,509.90953545232276,296.23978695655956,1,1024,512.0,512.0,916.3000000000001,964.4499999999999,1014.0,1023.1830000000001,372.8220426746216
eastus_D_1,-1.0,-1.0,-1.0,-1.0,-1.0,-1.0,-1.0,-1.0,-1.0,-1.0,-1.0,-1.0,-1.0,-1.0,-1.0,-1.0,-1.0,-1.0,-1.0,-1.0,-1.0,-1.0,-1.0,-1.0,-1.0,-1.0,-1.0,-1.0,-1.0,-1.0,-1.0,-1.0,-1.0,-1.0,-1.0,-1.0,-1.0,-1.0,-1.0,-1.0,-1.0,-1.0,-1.0,-1.0,-1.0,-1.0,-1.0,-1.0,-1.0,-1.0,-1.0,-1.0,-1.0,-1.0,-1.0,-1.0,-1.0,-1,-1,-1.0,-1.0,-1.0,-1.0,-1.0,-1.0,-1.0,-1.0,-1.0,-1,-1,-1.0,-1.0,-1.0,-1.0,-1.0,-1.0,-1.0
eastus_D_2,-1.0,-1.0,-1.0,-1.0,-1.0,-1.0,-1.0,-1.0,-1.0,-1.0,-1.0,-1.0,-1.0,-1.0,-1.0,-1.0,-1.0,-1.0,-1.0,-1.0,-1.0,-1.0,-1.0,-1.0,-1.0,-1.0,-1.0,-1.0,-1.0,-1.0,-1.0,-1.0,-1.0,-1.0,-1.0,-1.0,-1.0,-1.0,-1.0,-1.0,-1.0,-1.0,-1.0,-1.0,-1.0,-1.0,-1.0,-1.0,-1.0,-1.0,-1.0,-1.0,-1.0,-1.0,-1.0,-1.0,-1.0,-1,-1,-1.0,-1.0,-1.0,-1.0,-1.0,-1.0,-1.0,-1.0,-1.0,-1,-1,-1.0,-1.0,-1.0,-1.0,-1.0,-1.0,-1.0
eastus_D_3,-1.0,-1.0,-1.0,-1.0,-1.0,-1.0,-1.0,-1.0,-1.0,-1.0,-1.0,-1.0,-1.0,-1.0,-1.0,-1.0,-1.0,-1.0,-1.0,-1.0,-1.0,-1.0,-1.0,-1.0,-1.0,-1.0,-1.0,-1.0,-1.0,-1.0,-1.0,-1.0,-1.0,-1.0,-1.0,-1.0,-1.0,-1.0,-1.0,-1.0,-1.0,-1.0,-1.0,-1.0,-1.0,-1.0,-1.0,-1.0,-1.0,-1.0,-1.0,-1.0,-1.0,-1.0,-1.0,-1.0,-1.0,-1,-1,-1.0,-1.0,-1.0,-1.0,-1.0,-1.0,-1.0,-1.0,-1.0,-1,-1,-1.0,-1.0,-1.0,-1.0,-1.0,-1.0,-1.0
eastus_D_4,-1.0,-1.0,-1.0,-1.0,-1.0,-1.0,-1.0,-1.0,-1.0,-1.0,-1.0,-1.0,-1.0,-1.0,-1.0,-1.0,-1.0,-1.0,-1.0,-1.0,-1.0,-1.0,-1.0,-1.0,-1.0,-1.0,-1.0,-1.0,-1.0,-1.0,-1.0,-1.0,-1.0,-1.0,-1.0,-1.0,-1.0,-1.0,-1.0,-1.0,-1.0,-1.0,-1.0,-1.0,-1.0,-1.0,-1.0,-1.0,-1.0,-1.0,-1.0,-1.0,-1.0,-1.0,-1.0,-1.0,-1.0,-1,-1,-1.0,-1.0,-1.0,-1.0,-1.0,-1.0,-1.0,-1.0,-1.0,-1,-1,-1.0,-1.0,-1.0,-1.0,-1.0,-1.0,-1.0
eastus_D_5,-1.0,-1.0,-1.0,-1.0,-1.0,-1.0,-1.0,-1.0,-1.0,-1.0,-1.0,-1.0,-1.0,-1.0,-1.0,-1.0,-1.0,-1.0,-1.0,-1.0,-1.0,-1.0,-1.0,-1.0,-1.0,-1.0,-1.0,-1.0,-1.0,-1.0,-1.0,-1.0,-1.0,-1.0,-1.0,-1.0,-1.0,-1.0,-1.0,-1.0,-1.0,-1.0,-1.0,-1.0,-1.0,-1.0,-1.0,-1.0,-1.0,-1.0,-1.0,-1.0,-1.0,-1.0,-1.0,-1.0,-1.0,-1,-1,-1.0,-1.0,-1.0,-1.0,-1.0,-1.0,-1.0,-1.0,-1.0,-1,-1,-1.0,-1.0,-1.0,-1.0,-1.0,-1.0,-1.0
eastus_D_6,-1.0,-1.0,-1.0,-1.0,-1.0,-1.0,-1.0,-1.0,-1.0,-1.0,-1.0,-1.0,-1.0,-1.0,-1.0,-1.0,-1.0,-1.0,-1.0,-1.0,-1.0,-1.0,-1.0,-1.0,-1.0,-1.0,-1.0,-1.0,-1.0,-1.0,-1.0,-1.0,-1.0,-1.0,-1.0,-1.0,-1.0,-1.0,-1.0,-1.0,-1.0,-1.0,-1.0,-1.0,-1.0,-1.0,-1.0,-1.0,-1.0,-1.0,-1.0,-1.0,-1.0,-1.0,-1.0,-1.0,-1.0,-1,-1,-1.0,-1.0,-1.0,-1.0,-1.0,-1.0,-1.0,-1.0,-1.0,-1,-1,-1.0,-1.0,-1.0,-1.0,-1.0,-1.0,-1.0
