request_id,model,workload_type,arrival_timestamp,completion_timestamp,global_router_queue_time,region_router_queue_time,model_endpoint_router_queue_time,application_scheduler_queue_time,service_time,application_scheduler_response_time,model_endpoint_router_response_time,region_router_response_time,global_router_response_time,queue_time
283,C,dev,587.4643159442611,0.0,1.0,0.0,0.0,0.0,12.076792567525331,12.076792567525331,12.076792567525331,12.076792567525331,0.0,1.0061478911254653
283,C,dev,591.7364534205024,0.0,1.0,0.0,0.0,0.0,9.700552670767593,9.700552670767593,9.700552670767593,9.700552670767593,0.0,1.0
283,C,dev,588.6989559075006,0.0,1.0,0.0,0.0,0.0,12.790249996223793,12.790249996223793,12.790249996223793,12.790249996223793,0.0,1.0076192104397705
283,C,dev,589.1283886326141,0.0,1.0,0.0,0.0,0.0,13.668854367464633,13.668854367464633,13.668854367464633,13.668854367464633,0.0,3.953030432428136
283,C,dev,576.6293043531731,0.0,1.0,0.0,0.0,0.0,27.091710785354962,27.091710785354962,27.091710785354962,27.091710785354962,0.0,8.841766550373336
283,C,dev,587.8290591822157,0.0,1.0,0.0,0.0,0.0,16.605975720925585,16.605975720925585,16.605975720925585,16.605975720925585,0.0,3.7097784939805933
283,C,dev,603.7972430000788,0.0,1.0,0.0,0.0,0.0,0.8341208150208104,0.8341208150208104,0.8341208150208104,0.8341208150208104,0.0,1.0046249257619593
283,C,dev,588.6989559075006,0.0,1.0,0.0,0.0,0.0,16.525622480284255,16.525622480284255,16.525622480284255,16.525622480284255,0.0,1.0062841515667742
283,C,dev,602.4892059037244,0.0,1.0,0.0,0.0,0.0,3.029911136955434,3.029911136955434,3.029911136955434,3.029911136955434,0.0,1.005155424309578
106,A,prod,565.7626534840975,0.0,1.0,0.0,0.0,0.0,39.87401511217263,39.87401511217263,39.87401511217263,39.87401511217263,0.0,20.38309652957821
283,C,dev,591.5388376761963,0.0,1.0,0.0,0.0,0.0,14.360376914815788,14.360376914815788,14.360376914815788,14.360376914815788,0.0,1.0052541519351053
283,C,dev,599.4108317014171,0.0,1.0,0.0,0.0,0.0,6.504391654462665,6.504391654462665,6.504391654462665,6.504391654462665,0.0,1.0051980250477754
283,C,dev,591.5388376761963,0.0,1.0,0.0,0.0,0.0,14.961161744706942,14.961161744706942,14.961161744706942,14.961161744706942,0.0,1.0042460300362563
283,C,dev,585.4710709035464,0.0,1.0,0.0,0.0,0.0,21.05600942526621,21.05600942526621,21.05600942526621,21.05600942526621,0.0,2.817899797267387
283,C,dev,592.260014269748,0.0,1.0,0.0,0.0,0.0,14.508981085473124,14.508981085473124,14.508981085473124,14.508981085473124,0.0,1.0000138154312026
283,C,dev,587.4643159442611,0.0,1.0,0.0,0.0,0.0,19.49614142788448,19.49614142788448,19.49614142788448,19.49614142788448,0.0,3.6416755607078812
106,A,prod,565.7626534840975,0.0,1.0,0.0,0.0,0.0,41.43842197304991,41.43842197304991,41.43842197304991,41.43842197304991,0.0,1.0042314156077055
283,C,dev,592.2927923218695,0.0,1.0,0.0,0.0,0.0,15.180806707779425,15.180806707779425,15.180806707779425,15.180806707779425,0.0,1.0053962309235658
283,C,dev,607.4999994209032,0.0,1.0,0.0,0.0,0.0,0.584983616631348,0.584983616631348,0.584983616631348,0.584983616631348,0.0,1.0067588199323154
283,C,dev,599.7904251270427,0.0,1.0,0.0,0.0,0.0,8.980452242444017,8.980452242444017,8.980452242444017,8.980452242444017,0.0,5.644609776098605
283,C,dev,607.5270803288126,0.0,1.0,0.0,0.0,0.0,1.3755898808412894,1.3755898808412894,1.3755898808412894,1.3755898808412894,0.0,1.5579027087219401
283,C,dev,606.2245783877848,0.0,1.0,0.0,0.0,0.0,3.026243235838251,3.026243235838251,3.026243235838251,3.026243235838251,0.0,1.002418167916744
283,C,dev,602.4892059037244,0.0,1.0,0.0,0.0,0.0,7.668475161924107,7.668475161924107,7.668475161924107,7.668475161924107,0.0,1.0019402902674983
283,C,dev,606.8992145910121,0.0,1.0,0.0,0.0,0.0,3.3910598251144393,3.3910598251144393,3.3910598251144393,3.3910598251144393,0.0,1.0075066561403219
283,C,dev,607.5270803288126,0.0,1.0,0.0,0.0,0.0,2.7844055250299107,2.7844055250299107,2.7844055250299107,2.7844055250299107,0.0,1.0
283,C,dev,606.9152233558798,0.0,1.0,0.0,0.0,0.0,3.5811642483564583,3.5811642483564583,3.5811642483564583,3.5811642483564583,0.0,1.010145023338623
283,C,dev,605.4350349031413,0.0,1.0,0.0,0.0,0.0,6.084062326290564,6.084062326290564,6.084062326290564,6.084062326290564,0.0,1.0
283,C,dev,607.9604573721456,0.0,1.0,0.0,0.0,0.0,3.6897526431620236,3.6897526431620236,3.6897526431620236,3.6897526431620236,0.0,1.0085617354549186
283,C,dev,602.43700609127,0.0,1.0,0.0,0.0,0.0,9.563157319728361,9.563157319728361,9.563157319728361,9.563157319728361,0.0,1.0046373633944086
283,C,dev,607.7689953552211,0.0,1.0,0.0,0.0,0.0,4.236030649517147,4.236030649517147,4.236030649517147,4.236030649517147,0.0,1.0085095393246775
283,C,dev,603.7972430000788,0.0,1.0,0.0,0.0,0.0,8.350454369593763,8.350454369593763,8.350454369593763,8.350454369593763,0.0,1.0073834540135067
283,C,dev,602.43700609127,0.0,1.0,0.0,0.0,0.0,10.235017132935809,10.235017132935809,10.235017132935809,10.235017132935809,0.0,1.0
283,C,dev,606.2245783877848,0.0,1.0,0.0,0.0,0.0,7.206032052188675,7.206032052188675,7.206032052188675,7.206032052188675,0.0,1.3025019410277991
283,C,dev,613.6720232242058,0.0,1.0,0.0,0.0,0.0,0.11931947134553411,0.11931947134553411,0.11931947134553411,0.11931947134553411,0.0,1.0
283,C,dev,607.7689953552211,0.0,1.0,0.0,0.0,0.0,6.073109392629476,6.073109392629476,6.073109392629476,6.073109392629476,0.0,1.0
283,C,dev,585.2749965976725,0.0,1.0,0.0,0.0,0.0,29.327532068333767,29.327532068333767,29.327532068333767,29.327532068333767,0.0,9.493261823990565
283,C,dev,605.4350349031413,0.0,1.0,0.0,0.0,0.0,9.344858178907543,9.344858178907543,9.344858178907543,9.344858178907543,0.0,1.0048577581924292
283,C,dev,599.4108317014171,0.0,1.0,0.0,0.0,0.0,15.609755128149231,15.609755128149231,15.609755128149231,15.609755128149231,0.0,1.0100111827895262
283,C,dev,607.9604573721456,0.0,1.0,0.0,0.0,0.0,8.25171555608415,8.25171555608415,8.25171555608415,8.25171555608415,0.0,1.004343462766201
283,C,dev,606.8992145910121,0.0,1.0,0.0,0.0,0.0,9.327563940001141,9.327563940001141,9.327563940001141,9.327563940001141,0.0,6.100948819986229
283,C,dev,612.6502100153076,0.0,1.0,0.0,0.0,0.0,4.128299960631011,4.128299960631011,4.128299960631011,4.128299960631011,0.0,1.0
283,C,dev,612.6502100153076,0.0,1.0,0.0,0.0,0.0,4.237546253952814,4.237546253952814,4.237546253952814,4.237546253952814,0.0,1.0
283,C,dev,608.4735990296489,0.0,1.0,0.0,0.0,0.0,8.752971760189439,8.752971760189439,8.752971760189439,8.752971760189439,0.0,1.0038245312457548
283,C,dev,613.0001634109983,0.0,1.0,0.0,0.0,0.0,4.542301017282057,4.542301017282057,4.542301017282057,4.542301017282057,0.0,1.009726795889037
283,C,dev,612.5190972294318,0.0,1.0,0.0,0.0,0.0,6.411030921749443,6.411030921749443,6.411030921749443,6.411030921749443,0.0,1.0000863668888087
289,C,dev,615.6025286660063,0.0,1.0,0.0,0.0,0.0,3.3711602966931196,3.3711602966931196,3.3711602966931196,3.3711602966931196,0.0,1.006848911651332
283,C,dev,614.8421047478506,0.0,1.0,0.0,0.0,0.0,4.426586683941423,4.426586683941423,4.426586683941423,4.426586683941423,0.0,1.0033447271360956
283,C,dev,614.4306104399735,0.0,1.0,0.0,0.0,0.0,4.843668873141269,4.843668873141269,4.843668873141269,4.843668873141269,0.0,2.7961680910397035
283,C,dev,607.4999994209032,0.0,1.0,0.0,0.0,0.0,12.315472458418412,12.315472458418412,12.315472458418412,12.315472458418412,0.0,1.0035599390359948
283,C,dev,599.7904251270427,0.0,1.0,0.0,0.0,0.0,20.525541796032144,20.525541796032144,20.525541796032144,20.525541796032144,0.0,4.9305900114853785
758,C,dev,619.9301281511813,0.0,1.0,0.0,0.0,0.0,0.6098009529027877,0.6098009529027877,0.6098009529027877,0.6098009529027877,0.0,1.0106411568020803
615,C,prod,615.0,0.0,1.0,0.0,0.0,0.0,5.797595388838431,5.797595388838431,5.797595388838431,5.797595388838431,0.0,1.0094693908835097
758,C,dev,619.9301281511813,0.0,1.0,0.0,0.0,0.0,1.894512870794415,1.894512870794415,1.894512870794415,1.894512870794415,0.0,1.00519359838961
758,C,dev,620.268691431792,0.0,1.0,0.0,0.0,0.0,1.7243979830074068,1.7243979830074068,1.7243979830074068,1.7243979830074068,0.0,1.0098997451624427
758,C,dev,616.0205868295664,0.0,1.0,0.0,0.0,0.0,6.041223693284223,6.041223693284223,6.041223693284223,6.041223693284223,0.0,1.0
283,C,dev,613.0050260047383,0.0,1.0,0.0,0.0,0.0,10.01319848090452,10.01319848090452,10.01319848090452,10.01319848090452,0.0,1.837078743112329
617,D,prod,617.0,0.0,1.0,0.0,0.0,0.0,6.358564005220273,6.358564005220273,6.358564005220273,6.358564005220273,0.0,1.0
758,C,dev,615.7798930820488,0.0,1.0,0.0,0.0,0.0,8.03242997099278,8.03242997099278,8.03242997099278,8.03242997099278,0.0,2.4466777077894903
283,C,dev,613.1476973696725,0.0,1.0,0.0,0.0,0.0,11.168064797913075,11.168064797913075,11.168064797913075,11.168064797913075,0.0,4.740058899587893
758,C,dev,619.9736889626994,0.0,1.0,0.0,0.0,0.0,4.35124881190643,4.35124881190643,4.35124881190643,4.35124881190643,0.0,1.3422779603754407
283,C,dev,613.6720232242058,0.0,1.0,0.0,0.0,0.0,11.128194217173586,11.128194217173586,11.128194217173586,11.128194217173586,0.0,1.0098867220297052
622,C,prod,622.0,0.0,1.0,0.0,0.0,0.0,2.8726928854565585,2.8726928854565585,2.8726928854565585,2.8726928854565585,0.0,1.0
283,C,dev,606.9152233558798,0.0,1.0,0.0,0.0,0.0,18.59225147050222,18.59225147050222,18.59225147050222,18.59225147050222,0.0,6.75679986832597
283,C,dev,604.7210151385281,0.0,1.0,0.0,0.0,0.0,20.995331561937064,20.995331561937064,20.995331561937064,20.995331561937064,0.0,1.0081288068279264
758,C,dev,625.8002174413793,0.0,1.0,0.0,0.0,0.0,0.4157168964579796,0.4157168964579796,0.4157168964579796,0.4157168964579796,0.0,1.0014002940342834
758,C,dev,625.3157621675856,0.0,1.0,0.0,0.0,0.0,1.2464295179267992,1.2464295179267992,1.2464295179267992,1.2464295179267992,0.0,1.0026454750870926
758,C,dev,620.8154718793216,0.0,1.0,0.0,0.0,0.0,5.999717029142516,5.999717029142516,5.999717029142516,5.999717029142516,0.0,4.5094658952841655
758,C,dev,625.3249377746058,0.0,1.0,0.0,0.0,0.0,1.9767359315932254,1.9767359315932254,1.9767359315932254,1.9767359315932254,0.0,1.0
283,C,dev,613.0001634109983,0.0,1.0,0.0,0.0,0.0,14.311073696962694,14.311073696962694,14.311073696962694,14.311073696962694,0.0,1.0097172908615448
624,C,prod,624.0,0.0,1.0,0.0,0.0,0.0,4.244790951236837,4.244790951236837,4.244790951236837,4.244790951236837,0.0,1.008992231855359
758,C,dev,620.2742793131148,0.0,1.0,0.0,0.0,0.0,8.641653274875807,8.641653274875807,8.641653274875807,8.641653274875807,0.0,1.0
283,C,dev,612.5190972294318,0.0,1.0,0.0,0.0,0.0,16.47426966119565,16.47426966119565,16.47426966119565,16.47426966119565,0.0,1.0095385558792032
283,C,dev,614.8421047478506,0.0,1.0,0.0,0.0,0.0,14.412247838228609,14.412247838228609,14.412247838228609,14.412247838228609,0.0,13.469132360110393
621,D,prod,621.0,0.0,1.0,0.0,0.0,0.0,8.481892494686008,8.481892494686008,8.481892494686008,8.481892494686008,0.0,1.0
758,C,dev,616.0205868295664,0.0,1.0,0.0,0.0,0.0,13.639798944705376,13.639798944705376,13.639798944705376,13.639798944705376,0.0,1.1915860986633788
283,C,dev,604.7210151385281,0.0,1.0,0.0,0.0,0.0,25.152604036214598,25.152604036214598,25.152604036214598,25.152604036214598,0.0,10.881513527478205
758,C,dev,620.2742793131148,0.0,1.0,0.0,0.0,0.0,9.8523416775231,9.8523416775231,9.8523416775231,9.8523416775231,0.0,1.0106275530677067
758,C,dev,629.9933668906275,0.0,1.0,0.0,0.0,0.0,0.8666290181602108,0.8666290181602108,0.8666290181602108,0.8666290181602108,0.0,1.0043337934371266
283,C,dev,614.4306104399735,0.0,1.0,0.0,0.0,0.0,17.927890683372652,17.927890683372652,17.927890683372652,17.927890683372652,0.0,1.5899763895928345
758,C,dev,620.268691431792,0.0,1.0,0.0,0.0,0.0,12.237246295226896,12.237246295226896,12.237246295226896,12.237246295226896,0.0,2.5559495901836726
758,C,dev,615.7798930820488,0.0,1.0,0.0,0.0,0.0,17.05634323430752,17.05634323430752,17.05634323430752,17.05634323430752,0.0,10.727581744333179
758,C,dev,630.6603857742717,0.0,1.0,0.0,0.0,0.0,2.2287302262890307,2.2287302262890307,2.2287302262890307,2.2287302262890307,0.0,1.0016100676823498
758,C,dev,620.8154718793216,0.0,1.0,0.0,0.0,0.0,12.309533536983281,12.309533536983281,12.309533536983281,12.309533536983281,0.0,2.1776175354777934
631,C,prod,631.0,0.0,1.0,0.0,0.0,0.0,2.3078824904877138,2.3078824904877138,2.3078824904877138,2.3078824904877138,0.0,1.0033973251223642
758,C,dev,615.6025286660063,0.0,1.0,0.0,0.0,0.0,18.08644279627015,18.08644279627015,18.08644279627015,18.08644279627015,0.0,14.390838224621234
758,C,dev,625.3157621675856,0.0,1.0,0.0,0.0,0.0,8.381879118636334,8.381879118636334,8.381879118636334,8.381879118636334,0.0,1.0051980250477754
758,C,dev,630.2543525860792,0.0,1.0,0.0,0.0,0.0,3.5102431929523163,3.5102431929523163,3.5102431929523163,3.5102431929523163,0.0,1.605643322708488
625,C,prod,625.0,0.0,1.0,0.0,0.0,0.0,8.969134101873237,8.969134101873237,8.969134101873237,8.969134101873237,0.0,1.002411640119476
758,C,dev,634.3078824904877,0.0,1.0,0.0,0.0,0.0,0.2083206110402216,0.2083206110402216,0.2083206110402216,0.2083206110402216,0.0,1.0016157686670795
758,C,dev,630.6603857742717,0.0,1.0,0.0,0.0,0.0,4.035100922688571,4.035100922688571,4.035100922688571,4.035100922688571,0.0,1.0051980250477754
758,C,dev,628.311237107961,0.0,1.0,0.0,0.0,0.0,6.864172364493925,6.864172364493925,6.864172364493925,6.864172364493925,0.0,1.0043404199499264
758,C,dev,625.8726928854566,0.0,1.0,0.0,0.0,0.0,9.658735639719907,9.658735639719907,9.658735639719907,9.658735639719907,0.0,1.0046004675559743
758,C,dev,630.8736191747427,0.0,1.0,0.0,0.0,0.0,4.791261565838454,4.791261565838454,4.791261565838454,4.791261565838454,0.0,3.8153522875337558
758,C,dev,628.311237107961,0.0,1.0,0.0,0.0,0.0,7.417009086972826,7.417009086972826,7.417009086972826,7.417009086972826,0.0,1.0
758,C,dev,634.3078824904877,0.0,1.0,0.0,0.0,0.0,1.6918013188111445,1.6918013188111445,1.6918013188111445,1.6918013188111445,0.0,1.0
758,C,dev,633.8891160005608,0.0,1.0,0.0,0.0,0.0,3.007309985012057,3.007309985012057,3.007309985012057,3.007309985012057,0.0,1.0044259329307579
758,C,dev,634.6889714622764,0.0,1.0,0.0,0.0,0.0,3.2104852774913297,3.2104852774913297,3.2104852774913297,3.2104852774913297,0.0,1.0
758,C,dev,624.8123230530416,0.0,1.0,0.0,0.0,0.0,13.866822274418496,13.866822274418496,13.866822274418496,13.866822274418496,0.0,3.002865855422556
106,A,prod,552.7483388675543,0.0,1.0,0.0,0.0,0.0,87.07322761028672,87.07322761028672,87.07322761028672,87.07322761028672,0.0,1.0510338229919398
758,C,dev,625.3249377746058,0.0,1.0,0.0,0.0,0.0,15.269740117925494,15.269740117925494,15.269740117925494,15.269740117925494,0.0,1.0096125948427925
758,C,dev,625.8726928854566,0.0,1.0,0.0,0.0,0.0,14.873103938156873,14.873103938156873,14.873103938156873,14.873103938156873,0.0,1.3432414523807665
758,C,dev,630.8736191747427,0.0,1.0,0.0,0.0,0.0,9.916868911835309,9.916868911835309,9.916868911835309,9.916868911835309,0.0,5.301790297712273
758,C,dev,633.8362363163563,0.0,1.0,0.0,0.0,0.0,7.181829236005797,7.181829236005797,7.181829236005797,7.181829236005797,0.0,1.0051980250477754
758,C,dev,634.6976412862219,0.0,1.0,0.0,0.0,0.0,6.797853464370746,6.797853464370746,6.797853464370746,6.797853464370746,0.0,1.0027251517211653
758,C,dev,625.8002174413793,0.0,1.0,0.0,0.0,0.0,16.02384237977742,16.02384237977742,16.02384237977742,16.02384237977742,0.0,1.0089788337749042
758,C,dev,619.9736889626994,0.0,1.0,0.0,0.0,0.0,21.856852957032174,21.856852957032174,21.856852957032174,21.856852957032174,0.0,6.7426577377657395
758,C,dev,634.6889714622764,0.0,1.0,0.0,0.0,0.0,7.201399174451808,7.201399174451808,7.201399174451808,7.201399174451808,0.0,1.0020479172322894
758,C,dev,631.1266209906379,0.0,1.0,0.0,0.0,0.0,12.446363731496376,12.446363731496376,12.446363731496376,12.446363731496376,0.0,1.0043078410247972
758,C,dev,634.6976412862219,0.0,1.0,0.0,0.0,0.0,9.016697023759207,9.016697023759207,9.016697023759207,9.016697023759207,0.0,1.004449269450106
758,C,dev,624.8123230530416,0.0,1.0,0.0,0.0,0.0,19.19504359095447,19.19504359095447,19.19504359095447,19.19504359095447,0.0,1.009746519316991
758,C,dev,630.2543525860792,0.0,1.0,0.0,0.0,0.0,13.912289736800517,13.912289736800517,13.912289736800517,13.912289736800517,0.0,1.0051980250477754
758,C,dev,634.7645957790315,0.0,1.0,0.0,0.0,0.0,10.12754287411201,10.12754287411201,10.12754287411201,10.12754287411201,0.0,1.0108880145369312
635,D,prod,635.0,0.0,1.0,0.0,0.0,0.0,10.45439467233632,10.45439467233632,10.45439467233632,10.45439467233632,0.0,1.0
758,C,dev,634.1250054163049,0.0,1.0,0.0,0.0,0.0,11.620605411496967,11.620605411496967,11.620605411496967,11.620605411496967,0.0,1.008018946175298
758,C,dev,644.5729847221343,0.0,1.0,0.0,0.0,0.0,1.2289116663631603,1.2289116663631603,1.2289116663631603,1.2289116663631603,0.0,1.0069781798537178
758,C,dev,642.8305419197316,0.0,1.0,0.0,0.0,0.0,3.113549430338594,3.113549430338594,3.113549430338594,3.113549430338594,0.0,1.0005082937954057
758,C,dev,633.8362363163563,0.0,1.0,0.0,0.0,0.0,12.131924180964461,12.131924180964461,12.131924180964461,12.131924180964461,0.0,1.0048419211027522
642,D,prod,642.0,0.0,1.0,0.0,0.0,0.0,4.05493193671316,4.05493193671316,4.05493193671316,4.05493193671316,0.0,1.0020147317852661
758,C,dev,644.7143383099811,0.0,1.0,0.0,0.0,0.0,1.5674238214278375,1.5674238214278375,1.5674238214278375,1.5674238214278375,0.0,1.0067694930199877
640,D,prod,640.0,0.0,1.0,0.0,0.0,0.0,7.205751569744166,7.205751569744166,7.205751569744166,7.205751569744166,0.0,1.0
758,C,dev,634.1250054163049,0.0,1.0,0.0,0.0,0.0,13.151028674662143,13.151028674662143,13.151028674662143,13.151028674662143,0.0,7.620791407308502
106,A,prod,586.1457500136758,0.0,1.0,0.0,0.0,0.0,61.22844142434417,61.22844142434417,61.22844142434417,61.22844142434417,0.0,20.490918582594418
758,C,dev,646.9681604973208,0.0,1.0,0.0,0.0,0.0,0.8481098391284831,0.8481098391284831,0.8481098391284831,0.8481098391284831,0.0,1.0076908965161238
758,C,dev,646.8018963884974,0.0,1.0,0.0,0.0,0.0,1.0429069775249218,1.0429069775249218,1.0429069775249218,1.0429069775249218,0.0,1.0066836728935868
758,C,dev,642.8903706367282,0.0,1.0,0.0,0.0,0.0,5.6404950792025375,5.6404950792025375,5.6404950792025375,5.6404950792025375,0.0,1.0044436024141987
758,C,dev,633.5059377270189,0.0,1.0,0.0,0.0,0.0,15.382842499026424,15.382842499026424,15.382842499026424,15.382842499026424,0.0,1.0107263382301426
758,C,dev,629.9933668906275,0.0,1.0,0.0,0.0,0.0,19.21671011801152,19.21671011801152,19.21671011801152,19.21671011801152,0.0,1.0004390045013452
758,C,dev,642.8903706367282,0.0,1.0,0.0,0.0,0.0,6.515498787031106,6.515498787031106,6.515498787031106,6.515498787031106,0.0,4.0537207133419315
758,C,dev,631.1266209906379,0.0,1.0,0.0,0.0,0.0,19.497300358548614,19.497300358548614,19.497300358548614,19.497300358548614,0.0,4.568865706322413
758,C,dev,646.7456108278019,0.0,1.0,0.0,0.0,0.0,3.9595980867866274,3.9595980867866274,3.9595980867866274,3.9595980867866274,0.0,3.464466180837121
758,C,dev,634.7645957790315,0.0,1.0,0.0,0.0,0.0,16.050792163538176,16.050792163538176,16.050792163538176,16.050792163538176,0.0,1.9636504159022934
758,C,dev,646.9440913500702,0.0,1.0,0.0,0.0,0.0,4.112077442239638,4.112077442239638,4.112077442239638,4.112077442239638,0.0,1.0056477203991108
758,C,dev,633.8891160005608,0.0,1.0,0.0,0.0,0.0,17.24353491336558,17.24353491336558,17.24353491336558,17.24353491336558,0.0,13.079044496760048
758,C,dev,633.5059377270189,0.0,1.0,0.0,0.0,0.0,18.279040136041885,18.279040136041885,18.279040136041885,18.279040136041885,0.0,11.501428916977147
758,C,dev,646.8018963884974,0.0,1.0,0.0,0.0,0.0,6.618531859079894,6.618531859079894,6.618531859079894,6.618531859079894,0.0,1.0
758,C,dev,645.8921386531435,0.0,1.0,0.0,0.0,0.0,7.783993557320969,7.783993557320969,7.783993557320969,7.783993557320969,0.0,3.6387270627872113
758,C,dev,645.1666423228797,0.0,1.0,0.0,0.0,0.0,8.552497054088349,8.552497054088349,8.552497054088349,8.552497054088349,0.0,1.0
758,C,dev,647.281762131409,0.0,1.0,0.0,0.0,0.0,6.450654384576751,6.450654384576751,6.450654384576751,6.450654384576751,0.0,1.0051980250477754
758,C,dev,654.7191393769681,0.0,1.0,0.0,0.0,0.0,0.07287360262444054,0.07287360262444054,0.07287360262444054,0.07287360262444054,0.0,1.0081870830530306
758,C,dev,648.8448033660223,0.0,1.0,0.0,0.0,0.0,6.082537103667391,6.082537103667391,6.082537103667391,6.082537103667391,0.0,1.0094431919436602
758,C,dev,650.210077008639,0.0,1.0,0.0,0.0,0.0,5.319203348677206,5.319203348677206,5.319203348677206,5.319203348677206,0.0,1.0
758,C,dev,650.4058694237593,0.0,1.0,0.0,0.0,0.0,5.123410933556897,5.123410933556897,5.123410933556897,5.123410933556897,0.0,1.0109174962215093
758,C,dev,644.7143383099811,0.0,1.0,0.0,0.0,0.0,11.004083813540205,11.004083813540205,11.004083813540205,11.004083813540205,0.0,2.031272517820753
650,C,prod,650.0,0.0,1.0,0.0,0.0,0.0,6.242148687874305,6.242148687874305,6.242148687874305,6.242148687874305,0.0,1.0051404841706244
758,C,dev,649.5308657159308,0.0,1.0,0.0,0.0,0.0,6.9096617877642075,6.9096617877642075,6.9096617877642075,6.9096617877642075,0.0,1.0061164937043259
655,C,prod,655.0,0.0,1.0,0.0,0.0,0.0,1.5174302907918218,1.5174302907918218,1.5174302907918218,1.5174302907918218,0.0,1.0105342893855322
758,C,dev,645.0073666439961,0.0,1.0,0.0,0.0,0.0,12.15496532360703,12.15496532360703,12.15496532360703,12.15496532360703,0.0,1.7945297445013466
758,C,dev,656.7184221235213,0.0,1.0,0.0,0.0,0.0,0.5606825643498041,0.5606825643498041,0.5606825643498041,0.5606825643498041,0.0,1.004309576003152
758,C,dev,642.8305419197316,0.0,1.0,0.0,0.0,0.0,14.98309849740997,14.98309849740997,14.98309849740997,14.98309849740997,0.0,7.058238306313797
758,C,dev,646.9440913500702,0.0,1.0,0.0,0.0,0.0,10.957924293359383,10.957924293359383,10.957924293359383,10.957924293359383,0.0,1.0026450007893573
106,A,prod,608.2010754571475,0.0,1.0,0.0,0.0,0.0,49.711118646647606,49.711118646647606,49.711118646647606,49.711118646647606,0.0,32.62049102069352
758,C,dev,657.440527503695,0.0,1.0,0.0,0.0,0.0,0.4833401744821231,0.4833401744821231,0.4833401744821231,0.4833401744821231,0.0,1.0034830952973834
758,C,dev,657.440527503695,0.0,1.0,0.0,0.0,0.0,0.5124529781539877,0.5124529781539877,0.5124529781539877,0.5124529781539877,0.0,1.0107340941038956
758,C,dev,658.1623319676031,0.0,1.0,0.0,0.0,0.0,0.16308604285677575,0.16308604285677575,0.16308604285677575,0.16308604285677575,0.0,1.000942545207181
758,C,dev,657.5174302907918,0.0,1.0,0.0,0.0,0.0,1.5177493270443847,1.5177493270443847,1.5177493270443847,1.5177493270443847,0.0,1.0108590283767853
758,C,dev,649.5308657159308,0.0,1.0,0.0,0.0,0.0,9.723267861149338,9.723267861149338,9.723267861149338,9.723267861149338,0.0,1.0016928756166408
758,C,dev,658.9238676781771,0.0,1.0,0.0,0.0,0.0,1.2656513191866452,1.2656513191866452,1.2656513191866452,1.2656513191866452,0.0,1.0
758,C,dev,654.7324165159857,0.0,1.0,0.0,0.0,0.0,5.537403065089961,5.537403065089961,5.537403065089961,5.537403065089961,0.0,1.0106315227986897
758,C,dev,656.5292803573162,0.0,1.0,0.0,0.0,0.0,3.8323270768213433,3.8323270768213433,3.8323270768213433,3.8323270768213433,0.0,1.0100020644548522
758,C,dev,649.8887802260454,0.0,1.0,0.0,0.0,0.0,10.849985722243218,10.849985722243218,10.849985722243218,10.849985722243218,0.0,1.0039793981778757
106,A,prod,552.7483388675543,0.0,1.0,0.0,0.0,0.0,108.3163462291268,108.3163462291268,108.3163462291268,108.3163462291268,0.0,1.0510338229919398
758,C,dev,657.5174302907918,0.0,1.0,0.0,0.0,0.0,3.603218941360069,3.603218941360069,3.603218941360069,3.603218941360069,0.0,1.435550191057132
656,C,prod,656.0,0.0,1.0,0.0,0.0,0.0,5.353621754218693,5.353621754218693,5.353621754218693,5.353621754218693,0.0,1.002499826252233
758,C,dev,650.4058694237593,0.0,1.0,0.0,0.0,0.0,10.974163716460566,10.974163716460566,10.974163716460566,10.974163716460566,0.0,1.0061470313771679
758,C,dev,648.2760340909671,0.0,1.0,0.0,0.0,0.0,13.210958088604457,13.210958088604457,13.210958088604457,13.210958088604457,0.0,1.005809970007249
758,C,dev,650.210077008639,0.0,1.0,0.0,0.0,0.0,11.751020306847636,11.751020306847636,11.751020306847636,11.751020306847636,0.0,4.210351238938301
758,C,dev,644.5729847221343,0.0,1.0,0.0,0.0,0.0,17.885875614145675,17.885875614145675,17.885875614145675,17.885875614145675,0.0,1.001671616580552
758,C,dev,654.7324165159857,0.0,1.0,0.0,0.0,0.0,7.931540638028082,7.931540638028082,7.931540638028082,7.931540638028082,0.0,1.002842476745741
758,C,dev,658.1623319676031,0.0,1.0,0.0,0.0,0.0,4.5116942449867565,4.5116942449867565,4.5116942449867565,4.5116942449867565,0.0,1.00190915134624
758,C,dev,648.2760340909671,0.0,1.0,0.0,0.0,0.0,15.080509328934909,15.080509328934909,15.080509328934909,15.080509328934909,0.0,6.45638242501866
758,C,dev,648.8448033660223,0.0,1.0,0.0,0.0,0.0,15.721081642153308,15.721081642153308,15.721081642153308,15.721081642153308,0.0,5.831328844442169
758,C,dev,663.4588603362799,0.0,1.0,0.0,0.0,0.0,1.3045345304593639,1.3045345304593639,1.3045345304593639,1.3045345304593639,0.0,1.0051980250477754
758,C,dev,658.8136404171415,0.0,1.0,0.0,0.0,0.0,6.438925895665193,6.438925895665193,6.438925895665193,6.438925895665193,0.0,1.0052686453167325
758,C,dev,658.9020156434295,0.0,1.0,0.0,0.0,0.0,6.437959193294432,6.437959193294432,6.437959193294432,6.437959193294432,0.0,4.761941510584279
758,C,dev,658.9020156434295,0.0,1.0,0.0,0.0,0.0,6.534958465408408,6.534958465408408,6.534958465408408,6.534958465408408,0.0,2.3678039376461584
758,C,dev,663.4588603362799,0.0,1.0,0.0,0.0,0.0,3.0204530325150927,3.0204530325150927,3.0204530325150927,3.0204530325150927,0.0,1.0057496969182012
758,C,dev,666.339974836724,0.0,1.0,0.0,0.0,0.0,0.4771621026094408,0.4771621026094408,0.4771621026094408,0.4771621026094408,0.0,1.139338532071065
758,C,dev,649.8887802260454,0.0,1.0,0.0,0.0,0.0,17.531549918560813,17.531549918560813,17.531549918560813,17.531549918560813,0.0,1.8164286885431693
758,C,dev,658.952980481849,0.0,1.0,0.0,0.0,0.0,8.972192882186846,8.972192882186846,8.972192882186846,8.972192882186846,0.0,1.0027883814830147
556,A,prod,556.0,0.0,1.0,0.0,0.0,0.0,112.00605626160473,112.00605626160473,112.00605626160473,112.00605626160473,0.0,84.82156647784097
758,C,dev,667.479313368795,0.0,1.0,0.0,0.0,0.0,0.5729564371998777,0.5729564371998777,0.5729564371998777,0.5729564371998777,0.0,1.0056715564697924
758,C,dev,658.2791046878712,0.0,1.0,0.0,0.0,0.0,11.135379972149167,11.135379972149167,11.135379972149167,11.135379972149167,0.0,1.0034625673091568
758,C,dev,658.952980481849,0.0,1.0,0.0,0.0,0.0,10.564618348851809,10.564618348851809,10.564618348851809,10.564618348851809,0.0,1.0
758,C,dev,658.8136404171415,0.0,1.0,0.0,0.0,0.0,10.707400943708308,10.707400943708308,10.707400943708308,10.707400943708308,0.0,3.307008815010363
758,C,dev,664.356543419902,0.0,1.0,0.0,0.0,0.0,5.190712542991037,5.190712542991037,5.190712542991037,5.190712542991037,0.0,1.2093415882736736
758,C,dev,667.8171369393334,0.0,1.0,0.0,0.0,0.0,2.293034958975454,2.293034958975454,2.293034958975454,2.293034958975454,0.0,1.000331478605517
758,C,dev,658.9238676781771,0.0,1.0,0.0,0.0,0.0,11.874433914120914,11.874433914120914,11.874433914120914,11.874433914120914,0.0,1.0095869232023915
758,C,dev,656.7184221235213,0.0,1.0,0.0,0.0,0.0,14.77422034665085,14.77422034665085,14.77422034665085,14.77422034665085,0.0,1.0057084452172376
758,C,dev,654.7191393769681,0.0,1.0,0.0,0.0,0.0,16.80660218144385,16.80660218144385,16.80660218144385,16.80660218144385,0.0,1.0049501028084933
758,C,dev,659.3254180104599,0.0,1.0,0.0,0.0,0.0,12.236852276809259,12.236852276809259,12.236852276809259,12.236852276809259,0.0,12.472883581838119
758,C,dev,666.436974108838,0.0,1.0,0.0,0.0,0.0,5.395681446176582,5.395681446176582,5.395681446176582,5.395681446176582,0.0,1.0
570,A,prod,570.0,0.0,1.0,0.0,0.0,0.0,102.37041310245866,102.37041310245866,102.37041310245866,102.37041310245866,0.0,70.82156647784097
829,C,dev,671.798301592298,0.0,1.0,0.0,0.0,0.0,0.8953158439278468,0.8953158439278468,0.8953158439278468,0.8953158439278468,0.0,1.000270711584335
758,C,dev,657.2421486878743,0.0,1.0,0.0,0.0,0.0,16.19393303175707,16.19393303175707,16.19393303175707,16.19393303175707,0.0,1.0369559999968487
758,C,dev,666.436974108838,0.0,1.0,0.0,0.0,0.0,7.743902811476119,7.743902811476119,7.743902811476119,7.743902811476119,0.0,1.0
758,C,dev,656.5292803573162,0.0,1.0,0.0,0.0,0.0,18.003065253965815,18.003065253965815,18.003065253965815,18.003065253965815,0.0,1.0095817357855594
758,C,dev,657.2421486878743,0.0,1.0,0.0,0.0,0.0,17.290872046186564,17.290872046186564,17.290872046186564,17.290872046186564,0.0,1.0075918036460507
829,C,dev,672.8326555550145,0.0,1.0,0.0,0.0,0.0,1.7891031631755823,1.7891031631755823,1.7891031631755823,1.7891031631755823,0.0,1.009046067745203
758,C,dev,667.479313368795,0.0,1.0,0.0,0.0,0.0,7.333113462700794,7.333113462700794,7.333113462700794,7.333113462700794,0.0,1.0043135654069602
758,C,dev,667.8171369393334,0.0,1.0,0.0,0.0,0.0,8.580809928677013,8.580809928677013,8.580809928677013,8.580809928677013,0.0,1.006550737528869
758,C,dev,668.4203301446062,0.0,1.0,0.0,0.0,0.0,8.731529720146796,8.731529720146796,8.731529720146796,8.731529720146796,0.0,1.0034258880368725
758,C,dev,664.356543419902,0.0,1.0,0.0,0.0,0.0,13.354221506661474,13.354221506661474,13.354221506661474,13.354221506661474,0.0,1.0051980250477754
829,C,dev,672.8326555550145,0.0,1.0,0.0,0.0,0.0,4.914947909080752,4.914947909080752,4.914947909080752,4.914947909080752,0.0,1.0
758,C,dev,670.5210413608498,0.0,1.0,0.0,0.0,0.0,7.362864891709705,7.362864891709705,7.362864891709705,7.362864891709705,0.0,4.659835559464227
674,C,prod,674.0,0.0,1.0,0.0,0.0,0.0,4.577984441308672,4.577984441308672,4.577984441308672,4.577984441308672,0.0,1.000847852998504
829,C,dev,677.3979468680104,0.0,1.0,0.0,0.0,0.0,1.3061995453931559,1.3061995453931559,1.3061995453931559,1.3061995453931559,0.0,1.0077751017171295
829,C,dev,672.5257415584119,0.0,1.0,0.0,0.0,0.0,7.247461380717823,7.247461380717823,7.247461380717823,7.247461380717823,0.0,1.006182187940226
758,C,dev,659.3254180104599,0.0,1.0,0.0,0.0,0.0,20.457018410841215,20.457018410841215,20.457018410841215,20.457018410841215,0.0,1.0051980250477754
677,C,prod,677.0,0.0,1.0,0.0,0.0,0.0,2.88329920081253,2.88329920081253,2.88329920081253,2.88329920081253,0.0,1.0023115347216844
758,C,dev,668.4203301446062,0.0,1.0,0.0,0.0,0.0,11.904839644074059,11.904839644074059,11.904839644074059,11.904839644074059,0.0,2.100711216243667
829,C,dev,678.7107649265635,0.0,1.0,0.0,0.0,0.0,1.6682406385631339,1.6682406385631339,1.6682406385631339,1.6682406385631339,0.0,1.0083537601258286
829,C,dev,672.5622702872691,0.0,1.0,0.0,0.0,0.0,8.664092962576092,8.664092962576092,8.664092962576092,8.664092962576092,0.0,1.0015371004503777
758,C,dev,663.6639571540138,0.0,1.0,0.0,0.0,0.0,17.78179505733192,17.78179505733192,17.78179505733192,17.78179505733192,0.0,2.0994377127254893
829,C,dev,672.5622702872691,0.0,1.0,0.0,0.0,0.0,8.909241880677428,8.909241880677428,8.909241880677428,8.909241880677428,0.0,8.762899501411084
829,C,dev,679.5779844413087,0.0,1.0,0.0,0.0,0.0,2.7566778515284796,2.7566778515284796,2.7566778515284796,2.7566778515284796,0.0,1.0042080091824346
829,C,dev,678.8839062525595,0.0,1.0,0.0,0.0,0.0,3.4718405021369563,3.4718405021369563,3.4718405021369563,3.4718405021369563,0.0,1.0
758,C,dev,666.339974836724,0.0,1.0,0.0,0.0,0.0,16.120154016082097,16.120154016082097,16.120154016082097,16.120154016082097,0.0,4.20728112616905
829,C,dev,679.5779844413087,0.0,1.0,0.0,0.0,0.0,2.8870229682843274,2.8870229682843274,2.8870229682843274,2.8870229682843274,0.0,1.0042932070492725
758,C,dev,658.2791046878712,0.0,1.0,0.0,0.0,0.0,24.32760332026203,24.32760332026203,24.32760332026203,24.32760332026203,0.0,10.141225456735015
829,C,dev,672.5257415584119,0.0,1.0,0.0,0.0,0.0,10.452701143627223,10.452701143627223,10.452701143627223,10.452701143627223,0.0,1.0
829,C,dev,678.151859864753,0.0,1.0,0.0,0.0,0.0,5.624286718091753,5.624286718091753,5.624286718091753,5.624286718091753,0.0,1.0
829,C,dev,672.4926424701722,0.0,1.0,0.0,0.0,0.0,11.803609206339615,11.803609206339615,11.803609206339615,11.803609206339615,0.0,1.20097496605365
829,C,dev,675.8124268314958,0.0,1.0,0.0,0.0,0.0,8.504816530963467,8.504816530963467,8.504816530963467,8.504816530963467,0.0,9.483824845015988
829,C,dev,679.7041464134036,0.0,1.0,0.0,0.0,0.0,4.6728326713107435,4.6728326713107435,4.6728326713107435,4.6728326713107435,0.0,3.630515879433574
829,C,dev,670.5210413608498,0.0,1.0,0.0,0.0,0.0,14.959461617538409,14.959461617538409,14.959461617538409,14.959461617538409,0.0,1.0043210260656679
829,C,dev,685.3769790847143,0.0,1.0,0.0,0.0,0.0,0.24556274503936493,0.24556274503936493,0.24556274503936493,0.24556274503936493,0.0,1.0060645285268492
829,C,dev,683.4601288528061,0.0,1.0,0.0,0.0,0.0,2.3024475932509176,2.3024475932509176,2.3024475932509176,2.3024475932509176,0.0,1.0088772331592963
829,C,dev,678.7476034640953,0.0,1.0,0.0,0.0,0.0,7.201963512166344,7.201963512166344,7.201963512166344,7.201963512166344,0.0,2.6314021010313127
829,C,dev,677.3979468680104,0.0,1.0,0.0,0.0,0.0,9.387113452977928,9.387113452977928,9.387113452977928,9.387113452977928,0.0,6.062181984795643
829,C,dev,675.8124268314958,0.0,1.0,0.0,0.0,0.0,11.752085994112008,11.752085994112008,11.752085994112008,11.752085994112008,0.0,7.794281176637355
829,C,dev,686.9495669762616,0.0,1.0,0.0,0.0,0.0,1.3778470118570567,1.3778470118570567,1.3778470118570567,1.3778470118570567,0.0,1.002054590160128
829,C,dev,685.3172433624593,0.0,1.0,0.0,0.0,0.0,3.1444181507907842,3.1444181507907842,3.1444181507907842,3.1444181507907842,0.0,1.01040451991571
829,C,dev,685.3172433624593,0.0,1.0,0.0,0.0,0.0,3.220451271171555,3.220451271171555,3.220451271171555,3.220451271171555,0.0,1.0108955389353014
829,C,dev,686.9495669762616,0.0,1.0,0.0,0.0,0.0,1.7843655593069343,1.7843655593069343,1.7843655593069343,1.7843655593069343,0.0,2.5120945369884566
829,C,dev,678.151859864753,0.0,1.0,0.0,0.0,0.0,10.625256644634419,10.625256644634419,10.625256644634419,10.625256644634419,0.0,1.006871774136357
829,C,dev,686.6225418297537,0.0,1.0,0.0,0.0,0.0,2.674241308013279,2.674241308013279,2.674241308013279,2.674241308013279,0.0,1.0
829,C,dev,685.3769790847143,0.0,1.0,0.0,0.0,0.0,4.55923961393421,4.55923961393421,4.55923961393421,4.55923961393421,0.0,1.0048966442948313
829,C,dev,686.762576446057,0.0,1.0,0.0,0.0,0.0,3.4519961928406246,3.4519961928406246,3.4519961928406246,3.4519961928406246,0.0,1.0011081351929079
829,C,dev,678.7476034640953,0.0,1.0,0.0,0.0,0.0,11.52374827164249,11.52374827164249,11.52374827164249,11.52374827164249,0.0,1.0103631566560125
758,C,dev,663.6639571540138,0.0,1.0,0.0,0.0,0.0,26.890685986113795,26.890685986113795,26.890685986113795,26.890685986113795,0.0,6.750527506006506
829,C,dev,678.7107649265635,0.0,1.0,0.0,0.0,0.0,12.294404446145222,12.294404446145222,12.294404446145222,12.294404446145222,0.0,1.004307504213898
691,D,prod,691.0,0.0,1.0,0.0,0.0,0.0,0.02075148981998609,0.02075148981998609,0.02075148981998609,0.02075148981998609,0.0,1.0
829,C,dev,689.7771165093874,0.0,1.0,0.0,0.0,0.0,1.3478243687328586,1.3478243687328586,1.3478243687328586,1.3478243687328586,0.0,1.0048228072577103
829,C,dev,672.4926424701722,0.0,1.0,0.0,0.0,0.0,19.045235408419217,19.045235408419217,19.045235408419217,19.045235408419217,0.0,1.9434392494591748
829,C,dev,671.798301592298,0.0,1.0,0.0,0.0,0.0,20.277618114822303,20.277618114822303,20.277618114822303,20.277618114822303,0.0,1.000591603355133
829,C,dev,686.4805029783882,0.0,1.0,0.0,0.0,0.0,5.703809361306071,5.703809361306071,5.703809361306071,5.703809361306071,0.0,3.2966135309991387
829,C,dev,679.7041464134036,0.0,1.0,0.0,0.0,0.0,13.217105669784246,13.217105669784246,13.217105669784246,13.217105669784246,0.0,1.0083606400582994
829,C,dev,685.2962516765118,0.0,1.0,0.0,0.0,0.0,8.026148561737159,8.026148561737159,8.026148561737159,8.026148561737159,0.0,1.0
829,C,dev,689.4616615132501,0.0,1.0,0.0,0.0,0.0,4.426671766566187,4.426671766566187,4.426671766566187,4.426671766566187,0.0,1.0043174101250543
829,C,dev,692.5378778785914,0.0,1.0,0.0,0.0,0.0,1.5466940730321994,1.5466940730321994,1.5466940730321994,1.5466940730321994,0.0,1.0069946222613453
829,C,dev,686.762576446057,0.0,1.0,0.0,0.0,0.0,8.283027151523697,8.283027151523697,8.283027151523697,8.283027151523697,0.0,1.0064454419283493
829,C,dev,694.8883332798163,0.0,1.0,0.0,0.0,0.0,0.2713968601393617,0.2713968601393617,0.2713968601393617,0.2713968601393617,0.0,1.0
829,C,dev,688.5645128256078,0.0,1.0,0.0,0.0,0.0,6.884920645165494,6.884920645165494,6.884920645165494,6.884920645165494,0.0,1.0032746032831028
829,C,dev,686.6225418297537,0.0,1.0,0.0,0.0,0.0,9.147286300226483,9.147286300226483,9.147286300226483,9.147286300226483,0.0,1.004001482330068
829,C,dev,693.9212520831878,0.0,1.0,0.0,0.0,0.0,2.25198615638908,2.25198615638908,2.25198615638908,2.25198615638908,0.0,2.8485760467923456
829,C,dev,692.1249408781202,0.0,1.0,0.0,0.0,0.0,4.276787597153884,4.276787597153884,4.276787597153884,4.276787597153884,0.0,1.0056091564482585
829,C,dev,683.6067080081332,0.0,1.0,0.0,0.0,0.0,13.200361901320093,13.200361901320093,13.200361901320093,13.200361901320093,0.0,3.1558684379238002
829,C,dev,685.2962516765118,0.0,1.0,0.0,0.0,0.0,11.561767514189341,11.561767514189341,11.561767514189341,11.561767514189341,0.0,1.0037633878467886
829,C,dev,688.5645128256078,0.0,1.0,0.0,0.0,0.0,9.105596386051047,9.105596386051047,9.105596386051047,9.105596386051047,0.0,2.371705873040696
829,C,dev,689.4616615132501,0.0,1.0,0.0,0.0,0.0,8.424324286939964,8.424324286939964,8.424324286939964,8.424324286939964,0.0,2.5435078594586003
829,C,dev,691.5546431401276,0.0,1.0,0.0,0.0,0.0,6.3632234084929,6.3632234084929,6.3632234084929,6.3632234084929,0.0,1.005984323388816
829,C,dev,692.5378778785914,0.0,1.0,0.0,0.0,0.0,6.102817307076862,6.102817307076862,6.102817307076862,6.102817307076862,0.0,4.86385059668271
106,A,prod,658.9121941037951,0.0,1.0,0.0,0.0,0.0,39.79178100667548,39.79178100667548,39.79178100667548,39.79178100667548,0.0,1.0
829,C,dev,683.4601288528061,0.0,1.0,0.0,0.0,0.0,15.594070236920857,15.594070236920857,15.594070236920857,15.594070236920857,0.0,1.0043916385070588
829,C,dev,692.1249408781202,0.0,1.0,0.0,0.0,0.0,7.553294085951734,7.553294085951734,7.553294085951734,7.553294085951734,0.0,1.00519359838961
829,C,dev,691.5546431401276,0.0,1.0,0.0,0.0,0.0,9.061101945132009,9.061101945132009,9.061101945132009,9.061101945132009,0.0,1.0051980250477754
829,C,dev,687.7850603209884,0.0,1.0,0.0,0.0,0.0,12.973165515421329,12.973165515421329,12.973165515421329,12.973165515421329,0.0,1.0047824793188056
829,C,dev,683.6067080081332,0.0,1.0,0.0,0.0,0.0,18.813523699016855,18.813523699016855,18.813523699016855,18.813523699016855,0.0,1.0024051701632288
829,C,dev,695.0845719516236,0.0,1.0,0.0,0.0,0.0,7.985629602838458,7.985629602838458,7.985629602838458,7.985629602838458,0.0,1.0104958316377406
829,C,dev,693.9212520831878,0.0,1.0,0.0,0.0,0.0,9.2742989815182,9.2742989815182,9.2742989815182,9.2742989815182,0.0,1.010785266123662
829,C,dev,687.7850603209884,0.0,1.0,0.0,0.0,0.0,15.739729251112863,15.739729251112863,15.739729251112863,15.739729251112863,0.0,1.0088998799021738
829,C,dev,700.0541990897269,0.0,1.0,0.0,0.0,0.0,3.4744033496072007,3.4744033496072007,3.4744033496072007,3.4744033496072007,0.0,1.0008240095655765
829,C,dev,701.7582258364097,0.0,1.0,0.0,0.0,0.0,1.882264240412269,1.882264240412269,1.882264240412269,1.882264240412269,0.0,1.0038710996732334
829,C,dev,694.322400238249,0.0,1.0,0.0,0.0,0.0,9.461889745371423,9.461889745371423,9.461889745371423,9.461889745371423,0.0,2.1270332325243544
106,A,prod,658.9121941037951,0.0,1.0,0.0,0.0,0.0,45.42535515610791,45.42535515610791,45.42535515610791,45.42535515610791,0.0,40.79178100667548
829,C,dev,704.195551064706,0.0,1.0,0.0,0.0,0.0,0.2341904087080593,0.2341904087080593,0.2341904087080593,0.2341904087080593,0.0,1.0056293172568758
829,C,dev,694.322400238249,0.0,1.0,0.0,0.0,0.0,10.673020551932723,10.673020551932723,10.673020551932723,10.673020551932723,0.0,1.0
106,A,prod,699.7039751104705,0.0,1.0,0.0,0.0,0.0,5.474952472453538,5.474952472453538,5.474952472453538,5.474952472453538,0.0,1.0120493246831757
829,C,dev,693.0759197071203,0.0,1.0,0.0,0.0,0.0,12.458311935824554,12.458311935824554,12.458311935824554,12.458311935824554,0.0,2.0086522445033097
829,C,dev,704.640490076822,0.0,1.0,0.0,0.0,0.0,1.1747497258957083,1.1747497258957083,1.1747497258957083,1.1747497258957083,0.0,1.0065488898377453
829,C,dev,692.0051693727087,0.0,1.0,0.0,0.0,0.0,14.22927250809505,14.22927250809505,14.22927250809505,14.22927250809505,0.0,5.801900536744597
829,C,dev,689.7771165093874,0.0,1.0,0.0,0.0,0.0,17.118933558281924,17.118933558281924,17.118933558281924,17.118933558281924,0.0,11.981109327022295
829,C,dev,704.195551064706,0.0,1.0,0.0,0.0,0.0,2.8793196880723144,2.8793196880723144,2.8793196880723144,2.8793196880723144,0.0,3.0388908160977053
829,C,dev,705.4297414734141,0.0,1.0,0.0,0.0,0.0,2.151578893826013,2.151578893826013,2.151578893826013,2.151578893826013,0.0,1.0
829,C,dev,686.4805029783882,0.0,1.0,0.0,0.0,0.0,21.357325335664882,21.357325335664882,21.357325335664882,21.357325335664882,0.0,6.057374900203172
829,C,dev,698.9178665486205,0.0,1.0,0.0,0.0,0.0,9.205906491164228,9.205906491164228,9.205906491164228,9.205906491164228,0.0,1.0079569036337261
829,C,dev,704.5247895721012,0.0,1.0,0.0,0.0,0.0,3.6407752246507243,3.6407752246507243,3.6407752246507243,3.6407752246507243,0.0,1.0032864907196881
701,C,prod,701.0,0.0,1.0,0.0,0.0,0.0,7.687446376210346,7.687446376210346,7.687446376210346,7.687446376210346,0.0,1.009083442887004
829,C,dev,692.0051693727087,0.0,1.0,0.0,0.0,0.0,17.1630238850463,17.1630238850463,17.1630238850463,17.1630238850463,0.0,8.049029717018243
829,C,dev,700.0541990897269,0.0,1.0,0.0,0.0,0.0,9.476351037963354,9.476351037963354,9.476351037963354,9.476351037963354,0.0,1.0051762948648957
829,C,dev,699.6406951856683,0.0,1.0,0.0,0.0,0.0,9.951873600421436,9.951873600421436,9.951873600421436,9.951873600421436,0.0,1.0
829,C,dev,708.8378283140531,0.0,1.0,0.0,0.0,0.0,1.9806476496179357,1.9806476496179357,1.9806476496179357,1.9806476496179357,0.0,1.0048203391176003
829,C,dev,710.5305501276903,0.0,1.0,0.0,0.0,0.0,0.32034698643406045,0.32034698643406045,0.32034698643406045,0.32034698643406045,0.0,1.0043858657438705
829,C,dev,699.6406951856683,0.0,1.0,0.0,0.0,0.0,11.518711782597506,11.518711782597506,11.518711782597506,11.518711782597506,0.0,6.893536457276582
829,C,dev,710.5925687860897,0.0,1.0,0.0,0.0,0.0,0.9086167930267948,0.9086167930267948,0.9086167930267948,0.9086167930267948,0.0,1.0026507049994962
829,C,dev,701.7582258364097,0.0,1.0,0.0,0.0,0.0,9.848217607897368,9.848217607897368,9.848217607897368,9.848217607897368,0.0,7.079602477643448
829,C,dev,698.9178665486205,0.0,1.0,0.0,0.0,0.0,13.059994904424116,13.059994904424116,13.059994904424116,13.059994904424116,0.0,1.0069063397786522
829,C,dev,695.0845719516236,0.0,1.0,0.0,0.0,0.0,16.982083769346104,16.982083769346104,16.982083769346104,16.982083769346104,0.0,5.59366301244836
829,C,dev,693.0759197071203,0.0,1.0,0.0,0.0,0.0,19.327258041612254,19.327258041612254,19.327258041612254,19.327258041612254,0.0,4.782099483580851
829,C,dev,705.4297414734141,0.0,1.0,0.0,0.0,0.0,8.086592389066482,8.086592389066482,8.086592389066482,8.086592389066482,0.0,1.385498329303573
829,C,dev,704.640490076822,0.0,1.0,0.0,0.0,0.0,9.554502149289647,9.554502149289647,9.554502149289647,9.554502149289647,0.0,4.525074719929989
829,C,dev,694.8883332798163,0.0,1.0,0.0,0.0,0.0,19.819464952154476,19.819464952154476,19.819464952154476,19.819464952154476,0.0,1.0013589605978268
711,D,prod,711.0,0.0,1.0,0.0,0.0,0.0,4.106572726697664,4.106572726697664,4.106572726697664,4.106572726697664,0.0,1.0
829,C,dev,710.168193257755,0.0,1.0,0.0,0.0,0.0,6.581383096445279,6.581383096445279,6.581383096445279,6.581383096445279,0.0,4.348140604725586
829,C,dev,708.5813203672401,0.0,1.0,0.0,0.0,0.0,8.704494154413396,8.704494154413396,8.704494154413396,8.704494154413396,0.0,1.0
709,C,prod,709.0,0.0,1.0,0.0,0.0,0.0,8.395074695391486,8.395074695391486,8.395074695391486,8.395074695391486,0.0,1.005652871929442
829,C,dev,708.8378283140531,0.0,1.0,0.0,0.0,0.0,9.32429483227861,9.32429483227861,9.32429483227861,9.32429483227861,0.0,1.0061354023472404
829,C,dev,704.5247895721012,0.0,1.0,0.0,0.0,0.0,14.071724014706774,14.071724014706774,14.071724014706774,14.071724014706774,0.0,1.0007079119985747
829,C,dev,718.2858145216535,0.0,1.0,0.0,0.0,0.0,0.5847382244239725,0.5847382244239725,0.5847382244239725,0.5847382244239725,0.0,1.0074214105540023
829,C,dev,710.168193257755,0.0,1.0,0.0,0.0,0.0,9.154298032625206,9.154298032625206,9.154298032625206,9.154298032625206,0.0,1.0
829,C,dev,709.1655647967519,0.0,1.0,0.0,0.0,0.0,10.251281398621586,10.251281398621586,10.251281398621586,10.251281398621586,0.0,3.4408786475551096
829,C,dev,709.1655647967519,0.0,1.0,0.0,0.0,0.0,10.347420129543593,10.347420129543593,10.347420129543593,10.347420129543593,0.0,1.0031068927645492
829,C,dev,719.8705527460775,0.0,1.0,0.0,0.0,0.0,0.29714032478057106,0.29714032478057106,0.29714032478057106,0.29714032478057106,0.0,1.0029923413765118
829,C,dev,704.5286024393341,0.0,1.0,0.0,0.0,0.0,16.07658151275359,16.07658151275359,16.07658151275359,16.07658151275359,0.0,6.063966346755592
829,C,dev,704.7842899836204,0.0,1.0,0.0,0.0,0.0,15.825290550574664,15.825290550574664,15.825290550574664,15.825290550574664,0.0,1.0051980250477754
829,C,dev,717.7495763542003,0.0,1.0,0.0,0.0,0.0,3.074958470878869,3.074958470878869,3.074958470878869,3.074958470878869,0.0,2.6672698411732654
829,C,dev,704.5286024393341,0.0,1.0,0.0,0.0,0.0,16.35449378223268,16.35449378223268,16.35449378223268,16.35449378223268,0.0,1.010854680598868
829,C,dev,710.5305501276903,0.0,1.0,0.0,0.0,0.0,10.475443445452584,10.475443445452584,10.475443445452584,10.475443445452584,0.0,1.0
829,C,dev,720.4168461953735,0.0,1.0,0.0,0.0,0.0,0.6319353650762878,0.6319353650762878,0.6319353650762878,0.6319353650762878,0.0,1.0100465158686802
829,C,dev,709.6874463762103,0.0,1.0,0.0,0.0,0.0,11.703541243892687,11.703541243892687,11.703541243892687,11.703541243892687,0.0,11.917737575877368
829,C,dev,719.8705527460775,0.0,1.0,0.0,0.0,0.0,1.9539794641374328,1.9539794641374328,1.9539794641374328,1.9539794641374328,0.0,1.0
829,C,dev,718.3950746953915,0.0,1.0,0.0,0.0,0.0,3.5985507049974785,3.5985507049974785,3.5985507049974785,3.5985507049974785,0.0,1.0065285011221476
829,C,dev,719.1621231463317,0.0,1.0,0.0,0.0,0.0,2.9953917929265117,2.9953917929265117,2.9953917929265117,2.9953917929265117,0.0,1.0034320688383787
829,C,dev,710.5925687860897,0.0,1.0,0.0,0.0,0.0,12.127025390045446,12.127025390045446,12.127025390045446,12.127025390045446,0.0,1.0008555930013472
829,C,dev,708.5813203672401,0.0,1.0,0.0,0.0,0.0,14.190633268246643,14.190633268246643,14.190633268246643,14.190633268246643,0.0,4.396541085804529
829,C,dev,709.1237730397847,0.0,1.0,0.0,0.0,0.0,14.443651865471224,14.443651865471224,14.443651865471224,14.443651865471224,0.0,2.694702923886325
829,C,dev,709.1237730397847,0.0,1.0,0.0,0.0,0.0,15.04417114754881,15.04417114754881,15.04417114754881,15.04417114754881,0.0,1.0444202179702415
829,C,dev,721.6095805341951,0.0,1.0,0.0,0.0,0.0,3.3197527425097633,3.3197527425097633,3.3197527425097633,3.3197527425097633,0.0,1.0
829,C,dev,720.5129849262955,0.0,1.0,0.0,0.0,0.0,5.2440554559622115,5.2440554559622115,5.2440554559622115,5.2440554559622115,0.0,1.0004475024564954
726,C,prod,726.0,0.0,1.0,0.0,0.0,0.0,0.12323206000633036,0.12323206000633036,0.12323206000633036,0.12323206000633036,0.0,1.0039375094478373
829,C,dev,709.6874463762103,0.0,1.0,0.0,0.0,0.0,16.853188227022542,16.853188227022542,16.853188227022542,16.853188227022542,0.0,11.922134157984715
717,C,prod,717.0,0.0,1.0,0.0,0.0,0.0,10.183482931206413,10.183482931206413,10.183482931206413,10.183482931206413,0.0,1.004852005228372
829,C,dev,718.2858145216535,0.0,1.0,0.0,0.0,0.0,9.288893163291618,9.288893163291618,9.288893163291618,9.288893163291618,0.0,1.004337066587368
829,C,dev,721.8830962215668,0.0,1.0,0.0,0.0,0.0,5.79960555852972,5.79960555852972,5.79960555852972,5.79960555852972,0.0,1.0096972512608318
829,C,dev,715.7077982319707,0.0,1.0,0.0,0.0,0.0,12.011083917077372,12.011083917077372,12.011083917077372,12.011083917077372,0.0,1.005977360125712
829,C,dev,719.596513586808,0.0,1.0,0.0,0.0,0.0,8.308089666715318,8.308089666715318,8.308089666715318,8.308089666715318,0.0,1.005218216370622
106,A,prod,699.7039751104705,0.0,1.0,0.0,0.0,0.0,28.404513697968696,28.404513697968696,28.404513697968696,28.404513697968696,0.0,1.0120493246831757
829,C,dev,717.7495763542003,0.0,1.0,0.0,0.0,0.0,12.066665841307668,12.066665841307668,12.066665841307668,12.066665841307668,0.0,1.0060585023496742
829,C,dev,720.4168461953735,0.0,1.0,0.0,0.0,0.0,9.539743766315269,9.539743766315269,9.539743766315269,9.539743766315269,0.0,1.0021463817464564
829,C,dev,715.7077982319707,0.0,1.0,0.0,0.0,0.0,14.558570145350473,14.558570145350473,14.558570145350473,14.558570145350473,0.0,8.064155403515997
829,C,dev,720.5129849262955,0.0,1.0,0.0,0.0,0.0,10.566841028304452,10.566841028304452,10.566841028304452,10.566841028304452,0.0,1.0022046817820183
829,C,dev,721.6095805341951,0.0,1.0,0.0,0.0,0.0,9.90241386682851,9.90241386682851,9.90241386682851,9.90241386682851,0.0,1.0043133906767707
829,C,dev,719.1621231463317,0.0,1.0,0.0,0.0,0.0,12.49017590141193,12.49017590141193,12.49017590141193,12.49017590141193,0.0,1.002545845938016
829,C,dev,704.7842899836204,0.0,1.0,0.0,0.0,0.0,26.936604634801597,26.936604634801597,26.936604634801597,26.936604634801597,0.0,8.282365737349323
725,D,prod,725.0,0.0,1.0,0.0,0.0,0.0,7.806288376851853,7.806288376851853,7.806288376851853,7.806288376851853,0.0,1.0
829,C,dev,719.596513586808,0.0,1.0,0.0,0.0,0.0,14.186334908995718,14.186334908995718,14.186334908995718,14.186334908995718,0.0,1.0051813677226846
829,C,dev,721.8830962215668,0.0,1.0,0.0,0.0,0.0,12.164154220294222,12.164154220294222,12.164154220294222,12.164154220294222,0.0,10.837798396855192
732,C,prod,732.0,0.0,1.0,0.0,0.0,0.0,2.184329933425488,2.184329933425488,2.184329933425488,2.184329933425488,0.0,1.0
829,C,dev,718.3950746953915,0.0,1.0,0.0,0.0,0.0,19.67296784666064,19.67296784666064,19.67296784666064,19.67296784666064,0.0,3.4880215261753165
724,A,prod,724.0,0.0,1.0,0.0,0.0,0.0,14.36429809595461,14.36429809595461,14.36429809595461,14.36429809595461,0.0,1.0
106,A,prod,729.1084888084392,0.0,1.0,0.0,0.0,0.0,20.31146853612256,20.31146853612256,20.31146853612256,20.31146853612256,0.0,1.0155048798961843
739,C,prod,739.0,0.0,1.0,0.0,0.0,0.0,10.652033054515755,10.652033054515755,10.652033054515755,10.652033054515755,0.0,1.0
106,A,prod,739.3642980959546,0.0,1.0,0.0,0.0,0.0,23.779721121653893,23.779721121653893,23.779721121653893,23.779721121653893,0.0,1.0516522508081607
756,C,prod,756.0,0.0,1.0,0.0,0.0,0.0,7.396053768128127,7.396053768128127,7.396053768128127,7.396053768128127,0.0,1.0
755,C,prod,755.0,0.0,1.0,0.0,0.0,0.0,8.95849248946297,8.95849248946297,8.95849248946297,8.95849248946297,0.0,1.0
761,D,prod,761.0,0.0,1.0,0.0,0.0,0.0,9.200392065761662,9.200392065761662,9.200392065761662,9.200392065761662,0.0,1.0
106,A,prod,705.337549259903,0.0,1.0,0.0,0.0,0.0,72.67183884938424,72.67183884938424,72.67183884938424,72.67183884938424,0.0,1.0517087731827814
785,D,prod,785.0,0.0,1.0,0.0,0.0,0.0,6.251347291004095,6.251347291004095,6.251347291004095,6.251347291004095,0.0,1.0
796,C,prod,796.0,0.0,1.0,0.0,0.0,0.0,0.381515695361486,0.381515695361486,0.381515695361486,0.381515695361486,0.0,1.0
106,A,prod,739.3642980959546,0.0,1.0,0.0,0.0,0.0,63.16409791442027,63.16409791442027,63.16409791442027,63.16409791442027,0.0,1.0516522508081607
106,A,prod,705.337549259903,0.0,1.0,0.0,0.0,0.0,99.12612765236565,99.12612765236565,99.12612765236565,99.12612765236565,0.0,1.0517087731827814
800,D,prod,800.0,0.0,1.0,0.0,0.0,0.0,6.487251191156929,6.487251191156929,6.487251191156929,6.487251191156929,0.0,1.0
762,A,prod,762.0,0.0,1.0,0.0,0.0,0.0,54.38438611113372,54.38438611113372,54.38438611113372,54.38438611113372,0.0,41.52839601037488
804,A,prod,804.0,0.0,1.0,0.0,0.0,0.0,18.64330017533655,18.64330017533655,18.64330017533655,18.64330017533655,0.0,1.0513009901764008
817,D,prod,817.0,0.0,1.0,0.0,0.0,0.0,7.6347112162553685,7.6347112162553685,7.6347112162553685,7.6347112162553685,0.0,1.0
832,C,prod,832.0,0.0,1.0,0.0,0.0,0.0,2.1952561172456626,2.1952561172456626,2.1952561172456626,2.1952561172456626,0.0,1.0
106,A,prod,803.5283960103749,0.0,1.0,0.0,0.0,0.0,37.09815765378153,37.09815765378153,37.09815765378153,37.09815765378153,0.0,1.0
106,A,prod,706.1789275829241,0.0,1.0,0.0,0.0,0.0,140.56116981183345,140.56116981183345,140.56116981183345,140.56116981183345,0.0,72.83046052636314
106,A,prod,750.4199573445618,0.0,1.0,0.0,0.0,0.0,105.92721429728283,105.92721429728283,105.92721429728283,105.92721429728283,0.0,53.10843866581308
106,A,prod,729.1084888084392,0.0,1.0,0.0,0.0,0.0,129.83159427012356,129.83159427012356,129.83159427012356,129.83159427012356,0.0,49.90089930084798
867,D,prod,867.0,0.0,1.0,0.0,0.0,0.0,6.658832801228414,6.658832801228414,6.658832801228414,6.658832801228414,0.0,1.0
106,A,prod,841.6265536641564,0.0,1.0,0.0,0.0,0.0,33.1954386309975,33.1954386309975,33.1954386309975,33.1954386309975,0.0,1.0
664,A,prod,875.8219922951539,0.0,1.0,0.0,0.0,0.0,1.0509129195681908,1.0509129195681908,1.0509129195681908,1.0509129195681908,0.0,1.0
879,C,prod,879.0,0.0,1.0,0.0,0.0,0.0,1.6489387298337306,1.6489387298337306,1.6489387298337306,1.6489387298337306,0.0,1.0
875,C,prod,875.0,0.0,1.0,0.0,0.0,0.0,5.899201488857329,5.899201488857329,5.899201488857329,5.899201488857329,0.0,1.0
106,A,prod,706.1789275829241,0.0,1.0,0.0,0.0,0.0,177.5039999377044,177.5039999377044,177.5039999377044,177.5039999377044,0.0,72.83046052636314
664,A,prod,875.8219922951539,0.0,1.0,0.0,0.0,0.0,11.121786777337093,11.121786777337093,11.121786777337093,11.121786777337093,0.0,1.0765803503943516
850,A,prod,850.0,0.0,1.0,0.0,0.0,0.0,40.2922591412447,40.2922591412447,40.2922591412447,40.2922591412447,0.0,7.347171641844625
884,C,prod,884.0,0.0,1.0,0.0,0.0,0.0,7.243085266765206,7.243085266765206,7.243085266765206,7.243085266765206,0.0,1.0
891,D,prod,891.0,0.0,1.0,0.0,0.0,0.0,1.8867198761452073,1.8867198761452073,1.8867198761452073,1.8867198761452073,0.0,1.0
106,A,prod,803.5283960103749,0.0,1.0,0.0,0.0,0.0,91.28596780934504,91.28596780934504,91.28596780934504,91.28596780934504,0.0,53.81877563146975
895,D,prod,895.0,0.0,1.0,0.0,0.0,0.0,0.7499839518741283,0.7499839518741283,0.7499839518741283,0.7499839518741283,0.0,1.0
901,C,prod,901.0,0.0,1.0,0.0,0.0,0.0,10.215014515204075,10.215014515204075,10.215014515204075,10.215014515204075,0.0,1.0
106,A,prod,841.6265536641564,0.0,1.0,0.0,0.0,0.0,69.71226979568314,69.71226979568314,69.71226979568314,69.71226979568314,0.0,1.0907071191447812
664,A,prod,884.6829275206285,0.0,1.0,0.0,0.0,0.0,30.150846465400946,30.150846465400946,30.150846465400946,30.150846465400946,0.0,1.0247869626145985
106,A,prod,847.7400973947575,0.0,1.0,0.0,0.0,0.0,74.5359094734871,74.5359094734871,74.5359094734871,74.5359094734871,0.0,28.081894900396378
918,D,prod,918.0,0.0,1.0,0.0,0.0,0.0,4.5355056041684065,4.5355056041684065,4.5355056041684065,4.5355056041684065,0.0,1.0
664,A,prod,923.2760068682446,0.0,1.0,0.0,0.0,0.0,1.010872107924115,1.010872107924115,1.010872107924115,1.010872107924115,0.0,1.0072830217415003
916,C,prod,916.0,0.0,1.0,0.0,0.0,0.0,9.002208170323229,9.002208170323229,9.002208170323229,9.002208170323229,0.0,1.0
106,A,prod,750.4199573445618,0.0,1.0,0.0,0.0,0.0,180.58732146243483,180.58732146243483,180.58732146243483,180.58732146243483,0.0,109.520125734001
664,A,prod,915.8337739860294,0.0,1.0,0.0,0.0,0.0,15.655151621770983,15.655151621770983,15.655151621770983,15.655151621770983,0.0,1.0518642097125621
890,A,prod,890.0,0.0,1.0,0.0,0.0,0.0,43.14294126234199,43.14294126234199,43.14294126234199,43.14294126234199,0.0,1.0461532123750885
937,C,prod,937.0,0.0,1.0,0.0,0.0,0.0,0.47984967254194544,0.47984967254194544,0.47984967254194544,0.47984967254194544,0.0,1.0
664,A,prod,847.7400973947575,0.0,1.0,0.0,0.0,0.0,93.09022956692979,93.09022956692979,93.09022956692979,93.09022956692979,0.0,75.5359094734871
106,A,prod,779.0093881092872,0.0,1.0,0.0,0.0,0.0,163.61013068315003,163.61013068315003,163.61013068315003,163.61013068315003,0.0,152.9978906977094
928,A,prod,928.0,0.0,1.0,0.0,0.0,0.0,16.872014981231928,16.872014981231928,16.872014981231928,16.872014981231928,0.0,1.021247738685247
664,A,prod,884.6829275206285,0.0,1.0,0.0,0.0,0.0,62.17263001473009,62.17263001473009,62.17263001473009,62.17263001473009,0.0,38.59307934761614
947,C,prod,947.0,0.0,1.0,0.0,0.0,0.0,1.157307762582036,1.157307762582036,1.157307762582036,1.157307762582036,0.0,1.0
911,A,prod,911.0,0.0,1.0,0.0,0.0,0.0,39.49948850319424,39.49948850319424,39.49948850319424,39.49948850319424,0.0,1.0085417285927178
913,A,prod,913.0,0.0,1.0,0.0,0.0,0.0,41.49630401882314,41.49630401882314,41.49630401882314,41.49630401882314,0.0,1.038468983386224
946,D,prod,946.0,0.0,1.0,0.0,0.0,0.0,8.867952976476431,8.867952976476431,8.867952976476431,8.867952976476431,0.0,1.0
945,C,prod,945.0,0.0,1.0,0.0,0.0,0.0,9.919970907578204,9.919970907578204,9.919970907578204,9.919970907578204,0.0,1.0
664,A,prod,923.2760068682446,0.0,1.0,0.0,0.0,0.0,36.71621350043233,36.71621350043233,36.71621350043233,36.71621350043233,0.0,18.554320093442698
950,A,prod,950.0,0.0,1.0,0.0,0.0,0.0,12.331547900329952,12.331547900329952,12.331547900329952,12.331547900329952,0.0,1.0
955,C,prod,955.0,0.0,1.0,0.0,0.0,0.0,8.696271828430667,8.696271828430667,8.696271828430667,8.696271828430667,0.0,1.0
914,A,prod,914.0,0.0,1.0,0.0,0.0,0.0,51.59198065366331,51.59198065366331,51.59198065366331,51.59198065366331,0.0,1.0155012853572316
962,C,prod,962.0,0.0,1.0,0.0,0.0,0.0,7.090126529183294,7.090126529183294,7.090126529183294,7.090126529183294,0.0,1.0
106,A,prod,779.0093881092872,0.0,1.0,0.0,0.0,0.0,192.00664908511055,192.00664908511055,192.00664908511055,192.00664908511055,0.0,152.9978906977094
863,A,prod,863.0,0.0,1.0,0.0,0.0,0.0,109.39760788781598,109.39760788781598,109.39760788781598,109.39760788781598,0.0,69.00727880699662
973,C,prod,973.0,0.0,1.0,0.0,0.0,0.0,3.200454142293438,3.200454142293438,3.200454142293438,3.200454142293438,0.0,1.0
664,A,prod,951.4994885031942,0.0,1.0,0.0,0.0,0.0,26.738898417004634,26.738898417004634,26.738898417004634,26.738898417004634,0.0,1.035921548260717
664,A,prod,972.0160371943978,0.0,1.0,0.0,0.0,0.0,8.637595488062288,8.637595488062288,8.637595488062288,8.637595488062288,0.0,1.0517229037762945
664,A,prod,932.0072788069966,0.0,1.0,0.0,0.0,0.0,49.35948560878944,49.35948560878944,49.35948560878944,49.35948560878944,0.0,1.007614232144192
664,A,prod,951.4994885031942,0.0,1.0,0.0,0.0,0.0,34.967478553183355,34.967478553183355,34.967478553183355,34.967478553183355,0.0,1.0233910233572487
664,A,prod,932.0072788069966,0.0,1.0,0.0,0.0,0.0,64.58078290066044,64.58078290066044,64.58078290066044,64.58078290066044,0.0,1.0136093225988816
990,A,prod,990.0,0.0,1.0,0.0,0.0,0.0,6.832237271697636,6.832237271697636,6.832237271697636,6.832237271697636,0.0,1.033429676015544
